Golden Gate Hotel,golden-gate-hotel-san-francisco,http://www.yelp.com/biz/golden-gate-hotel-san-francisco,39
Mandarin Oriental- San Francisco,mandarin-oriental-san-francisco-san-francisco-4,http://www.yelp.com/biz/mandarin-oriental-san-francisco-san-francisco-4,159
Hayes Valley Inn,hayes-valley-inn-san-francisco,http://www.yelp.com/biz/hayes-valley-inn-san-francisco,79
Argonaut Hotel- a Kimpton Hotel,argonaut-hotel-a-kimpton-hotel-san-francisco,http://www.yelp.com/biz/argonaut-hotel-a-kimpton-hotel-san-francisco,299
The Coventry Motor Inn,the-coventry-motor-inn-san-francisco,http://www.yelp.com/biz/the-coventry-motor-inn-san-francisco,64
InterContinental San Francisco,intercontinental-san-francisco-san-francisco-2,http://www.yelp.com/biz/intercontinental-san-francisco-san-francisco-2,449
Marines' Memorial Club & Hotel,marines-memorial-club-and-hotel-san-francisco-4,http://www.yelp.com/biz/marines-memorial-club-and-hotel-san-francisco-4,158
Metro Hotel,metro-hotel-san-francisco,http://www.yelp.com/biz/metro-hotel-san-francisco,100
The Orchard Hotel,the-orchard-hotel-san-francisco,http://www.yelp.com/biz/the-orchard-hotel-san-francisco,94
Hotel Abri,hotel-abri-san-francisco,http://www.yelp.com/biz/hotel-abri-san-francisco,175
The Hotel Mayflower,the-hotel-mayflower-san-francisco,http://www.yelp.com/biz/the-hotel-mayflower-san-francisco,97
W San Francisco,w-san-francisco-san-francisco,http://www.yelp.com/biz/w-san-francisco-san-francisco,811
The Fairmont San Francisco,the-fairmont-san-francisco-san-francisco-2,http://www.yelp.com/biz/the-fairmont-san-francisco-san-francisco-2,514
Hotel Rex,hotel-rex-san-francisco,http://www.yelp.com/biz/hotel-rex-san-francisco,136
Hotel Triton- a Kimpton Hotel,hotel-triton-a-kimpton-hotel-san-francisco,http://www.yelp.com/biz/hotel-triton-a-kimpton-hotel-san-francisco,238
The Inn at Union Square,the-inn-at-union-square-san-francisco,http://www.yelp.com/biz/the-inn-at-union-square-san-francisco,45
JW Marriott San Francisco Union Square,jw-marriott-san-francisco-union-square-san-francisco-2,http://www.yelp.com/biz/jw-marriott-san-francisco-union-square-san-francisco-2,189
Hotel Nikko,hotel-nikko-san-francisco,http://www.yelp.com/biz/hotel-nikko-san-francisco,437
Le Meridien,le-meridien-san-francisco-2,http://www.yelp.com/biz/le-meridien-san-francisco-2,432
Serrano Hotel,serrano-hotel-san-francisco-2,http://www.yelp.com/biz/serrano-hotel-san-francisco-2,208
Harbor Court Hotel- a Kimpton Hotel,harbor-court-hotel-a-kimpton-hotel-san-francisco,http://www.yelp.com/biz/harbor-court-hotel-a-kimpton-hotel-san-francisco,184
San Francisco Marriott Marquis,san-francisco-marriott-marquis-san-francisco-2,http://www.yelp.com/biz/san-francisco-marriott-marquis-san-francisco-2,399
Hyatt Regency San Francisco,hyatt-regency-san-francisco-san-francisco-2,http://www.yelp.com/biz/hyatt-regency-san-francisco-san-francisco-2,435
Hotel Griffon,hotel-griffon-san-francisco,http://www.yelp.com/biz/hotel-griffon-san-francisco,88
Queen Anne Hotel,queen-anne-hotel-san-francisco,http://www.yelp.com/biz/queen-anne-hotel-san-francisco,72
Intercontinental Mark Hopkins,intercontinental-mark-hopkins-san-francisco-2,http://www.yelp.com/biz/intercontinental-mark-hopkins-san-francisco-2,313
The Westin St. Francis San Francisco on Union Square,the-westin-st-francis-san-francisco-on-union-square-san-francisco,http://www.yelp.com/biz/the-westin-st-francis-san-francisco-on-union-square-san-francisco,748
Hotel Kabuki,hotel-kabuki-san-francisco,http://www.yelp.com/biz/hotel-kabuki-san-francisco,363
Hotel Adagio,hotel-adagio-san-francisco-2,http://www.yelp.com/biz/hotel-adagio-san-francisco-2,227
Hotel Vitale,hotel-vitale-san-francisco,http://www.yelp.com/biz/hotel-vitale-san-francisco,324
Galleria Park Hotel,galleria-park-hotel-san-francisco-2,http://www.yelp.com/biz/galleria-park-hotel-san-francisco-2,293
Petite Auberge,petite-auberge-san-francisco,http://www.yelp.com/biz/petite-auberge-san-francisco,40
Phoenix Hotel,phoenix-hotel-san-francisco,http://www.yelp.com/biz/phoenix-hotel-san-francisco,163
Chancellor Hotel,chancellor-hotel-san-francisco,http://www.yelp.com/biz/chancellor-hotel-san-francisco,151
Grand Hyatt San Francisco,grand-hyatt-san-francisco-san-francisco,http://www.yelp.com/biz/grand-hyatt-san-francisco-san-francisco,352
The Westin San Francisco Market Street,the-westin-san-francisco-market-street-san-francisco,http://www.yelp.com/biz/the-westin-san-francisco-market-street-san-francisco,507
Palace Hotel,palace-hotel-san-francisco-2,http://www.yelp.com/biz/palace-hotel-san-francisco-2,581
Hotel Del Sol,hotel-del-sol-san-francisco,http://www.yelp.com/biz/hotel-del-sol-san-francisco,79
Hotel Tomo,hotel-tomo-san-francisco-2,http://www.yelp.com/biz/hotel-tomo-san-francisco-2,238
Courtyard San Francisco Downtown,courtyard-san-francisco-downtown-san-francisco,http://www.yelp.com/biz/courtyard-san-francisco-downtown-san-francisco,146
San Francisco Marriott Union Square,san-francisco-marriott-union-square-san-francisco-3,http://www.yelp.com/biz/san-francisco-marriott-union-square-san-francisco-3,118
Hotel Boheme,hotel-boheme-san-francisco,http://www.yelp.com/biz/hotel-boheme-san-francisco,37
Parc 55 Wyndham San Francisco - Union Square,parc-55-wyndham-san-francisco-union-square-san-francisco-2,http://www.yelp.com/biz/parc-55-wyndham-san-francisco-union-square-san-francisco-2,673
Hilton San Francisco Financial District,hilton-san-francisco-financial-district-san-francisco,http://www.yelp.com/biz/hilton-san-francisco-financial-district-san-francisco,332
Inn at the Presidio,inn-at-the-presidio-san-francisco-2,http://www.yelp.com/biz/inn-at-the-presidio-san-francisco-2,45
Omni San Francisco,omni-san-francisco-san-francisco,http://www.yelp.com/biz/omni-san-francisco-san-francisco,311
Hotel Drisco,hotel-drisco-san-francisco,http://www.yelp.com/biz/hotel-drisco-san-francisco,53
The Mosser Hotel,the-mosser-hotel-san-francisco,http://www.yelp.com/biz/the-mosser-hotel-san-francisco,258
CLIFT Hotel,clift-hotel-san-francisco,http://www.yelp.com/biz/clift-hotel-san-francisco,502
Hotel Mirabelle,hotel-mirabelle-san-francisco,http://www.yelp.com/biz/hotel-mirabelle-san-francisco,54
Hotel Zetta San Francisco,hotel-zetta-san-francisco-san-francisco,http://www.yelp.com/biz/hotel-zetta-san-francisco-san-francisco,47
Hotel Vertigo,hotel-vertigo-san-francisco,http://www.yelp.com/biz/hotel-vertigo-san-francisco,110
Sleep Over Sauce,sleep-over-sauce-san-francisco,http://www.yelp.com/biz/sleep-over-sauce-san-francisco,32
The San Francisco Inn,the-san-francisco-inn-san-francisco,http://www.yelp.com/biz/the-san-francisco-inn-san-francisco,108
Hyatt Fisherman's Wharf,hyatt-fishermans-wharf-san-francisco,http://www.yelp.com/biz/hyatt-fishermans-wharf-san-francisco,132
Hotel Carlton,hotel-carlton-san-francisco,http://www.yelp.com/biz/hotel-carlton-san-francisco,257
The Tuscan Best Western Plus,the-tuscan-best-western-plus-san-francisco,http://www.yelp.com/biz/the-tuscan-best-western-plus-san-francisco,104
The Carriage Inn,the-carriage-inn-san-francisco,http://www.yelp.com/biz/the-carriage-inn-san-francisco,51
The Opal,the-opal-san-francisco,http://www.yelp.com/biz/the-opal-san-francisco,161
San Remo Hotel,san-remo-hotel-san-francisco,http://www.yelp.com/biz/san-remo-hotel-san-francisco,59
Sir Francis Drake- a Kimpton Hotel,sir-francis-drake-a-kimpton-hotel-san-francisco,http://www.yelp.com/biz/sir-francis-drake-a-kimpton-hotel-san-francisco,386
Hotel Palomar San Francisco- a Kimpton Hotel,hotel-palomar-san-francisco-a-kimpton-hotel-san-francisco,http://www.yelp.com/biz/hotel-palomar-san-francisco-a-kimpton-hotel-san-francisco,246
Castle Inn Motel,castle-inn-motel-san-francisco,http://www.yelp.com/biz/castle-inn-motel-san-francisco,34
Hotel Monaco San Francisco- a Kimpton Hotel,hotel-monaco-san-francisco-a-kimpton-hotel-san-francisco,http://www.yelp.com/biz/hotel-monaco-san-francisco-a-kimpton-hotel-san-francisco,240
Casa Loma Hotel,casa-loma-hotel-san-francisco,http://www.yelp.com/biz/casa-loma-hotel-san-francisco,57
Hotel Diva,hotel-diva-san-francisco,http://www.yelp.com/biz/hotel-diva-san-francisco,220
Courtyard by Marriott Hotel,courtyard-by-marriott-hotel-san-francisco,http://www.yelp.com/biz/courtyard-by-marriott-hotel-san-francisco,58
Travelodge At The Presidio,travelodge-at-the-presidio-san-francisco-2,http://www.yelp.com/biz/travelodge-at-the-presidio-san-francisco-2,25
Hotel Majestic,hotel-majestic-san-francisco-2,http://www.yelp.com/biz/hotel-majestic-san-francisco-2,116
Hilton San Francisco Union Square,hilton-san-francisco-union-square-san-francisco-3,http://www.yelp.com/biz/hilton-san-francisco-union-square-san-francisco-3,552
Fairmont Heritage Place- Ghirardelli Square,fairmont-heritage-place-ghirardelli-square-san-francisco-2,http://www.yelp.com/biz/fairmont-heritage-place-ghirardelli-square-san-francisco-2,37
Orchard Garden Hotel,orchard-garden-hotel-san-francisco,http://www.yelp.com/biz/orchard-garden-hotel-san-francisco,117
Villa Florence,villa-florence-san-francisco,http://www.yelp.com/biz/villa-florence-san-francisco,162
Columbus Motor Inn,columbus-motor-inn-san-francisco,http://www.yelp.com/biz/columbus-motor-inn-san-francisco,61
Hotel Bijou,hotel-bijou-san-francisco,http://www.yelp.com/biz/hotel-bijou-san-francisco,66
San Francisco Marriott Fisherman's Wharf,san-francisco-marriott-fishermans-wharf-san-francisco,http://www.yelp.com/biz/san-francisco-marriott-fishermans-wharf-san-francisco,95
Holiday Inn Golden Gateway Hotel,holiday-inn-golden-gateway-hotel-san-francisco,http://www.yelp.com/biz/holiday-inn-golden-gateway-hotel-san-francisco,131
SW Hotel,sw-hotel-san-francisco,http://www.yelp.com/biz/sw-hotel-san-francisco,38
Dakota Hotel,dakota-hotel-san-francisco,http://www.yelp.com/biz/dakota-hotel-san-francisco,18
Grant Hotel,grant-hotel-san-francisco,http://www.yelp.com/biz/grant-hotel-san-francisco,39
Cornell Hotel de France,cornell-hotel-de-france-san-francisco,http://www.yelp.com/biz/cornell-hotel-de-france-san-francisco,32
Holiday Inn Express Hotel San Francisco Fishermans Wharf,holiday-inn-express-hotel-san-francisco-fishermans-wharf-san-francisco,http://www.yelp.com/biz/holiday-inn-express-hotel-san-francisco-fishermans-wharf-san-francisco,83
The Hotel California - A Piece of Pineapple Hospitality,the-hotel-california-a-piece-of-pineapple-hospitality-san-francisco,http://www.yelp.com/biz/the-hotel-california-a-piece-of-pineapple-hospitality-san-francisco,84
The Donatello,the-donatello-san-francisco,http://www.yelp.com/biz/the-donatello-san-francisco,104
Best Western PLUS Americania Hotel,best-western-plus-americania-hotel-san-francisco-3,http://www.yelp.com/biz/best-western-plus-americania-hotel-san-francisco-3,82
Sheraton Fisherman's Wharf Hotel,sheraton-fishermans-wharf-hotel-san-francisco,http://www.yelp.com/biz/sheraton-fishermans-wharf-hotel-san-francisco,223
Grant Plaza Hotel,grant-plaza-hotel-san-francisco,http://www.yelp.com/biz/grant-plaza-hotel-san-francisco,72
The Inn Above Tide,the-inn-above-tide-sausalito,http://www.yelp.com/biz/the-inn-above-tide-sausalito,73
Holiday Inn Hotel San Francisco-Fishermans Wharf,holiday-inn-hotel-san-francisco-fishermans-wharf-san-francisco,http://www.yelp.com/biz/holiday-inn-hotel-san-francisco-fishermans-wharf-san-francisco,130
Holiday Inn San Francisco Civic Center,holiday-inn-san-francisco-civic-center-san-francisco,http://www.yelp.com/biz/holiday-inn-san-francisco-civic-center-san-francisco,95
Four Seasons Hotel San Francisco,four-seasons-hotel-san-francisco-san-francisco,http://www.yelp.com/biz/four-seasons-hotel-san-francisco-san-francisco,202
The Good Hotel,the-good-hotel-san-francisco,http://www.yelp.com/biz/the-good-hotel-san-francisco,152
Mystic Hotel,mystic-hotel-san-francisco,http://www.yelp.com/biz/mystic-hotel-san-francisco,68
Laurel Inn,laurel-inn-san-francisco,http://www.yelp.com/biz/laurel-inn-san-francisco,43
Cow Hollow Motor Inn,cow-hollow-motor-inn-san-francisco,http://www.yelp.com/biz/cow-hollow-motor-inn-san-francisco,75
Days Inn San Francisco Downtown/Civic Center Area,days-inn-san-francisco-downtown-civic-center-area-san-francisco,http://www.yelp.com/biz/days-inn-san-francisco-downtown-civic-center-area-san-francisco,34
The St. Regis San Francisco,the-st-regis-san-francisco-san-francisco,http://www.yelp.com/biz/the-st-regis-san-francisco-san-francisco,296
Balmoral Hotel North No 2,balmoral-hotel-north-no-2-san-francisco,http://www.yelp.com/biz/balmoral-hotel-north-no-2-san-francisco,10
Stanyan Park Hotel,stanyan-park-hotel-san-francisco,http://www.yelp.com/biz/stanyan-park-hotel-san-francisco,42
Hotel Whitcomb,hotel-whitcomb-san-francisco,http://www.yelp.com/biz/hotel-whitcomb-san-francisco,360
Hotel Fusion,hotel-fusion-san-francisco,http://www.yelp.com/biz/hotel-fusion-san-francisco,116
Marina Inn,marina-inn-san-francisco,http://www.yelp.com/biz/marina-inn-san-francisco,48
Pier 2620 Hotel Fisherman's Wharf,pier-2620-hotel-fishermans-wharf-san-francisco,http://www.yelp.com/biz/pier-2620-hotel-fishermans-wharf-san-francisco,37
Radisson Hotel Fisherman's Wharf,radisson-hotel-fishermans-wharf-san-francisco,http://www.yelp.com/biz/radisson-hotel-fishermans-wharf-san-francisco,106
Chateau Tivoli Bed & Breakfast Inn,chateau-tivoli-bed-and-breakfast-inn-san-francisco,http://www.yelp.com/biz/chateau-tivoli-bed-and-breakfast-inn-san-francisco,65
Kensington Park Hotel,kensington-park-hotel-san-francisco,http://www.yelp.com/biz/kensington-park-hotel-san-francisco,88
Alpine Inn & Suites,alpine-inn-and-suites-daly-city-2,http://www.yelp.com/biz/alpine-inn-and-suites-daly-city-2,64
Inn On Castro,inn-on-castro-san-francisco,http://www.yelp.com/biz/inn-on-castro-san-francisco,37
Beresford Hotel,beresford-hotel-san-francisco,http://www.yelp.com/biz/beresford-hotel-san-francisco,62
The Ritz-Carlton- San Francisco,the-ritz-carlton-san-francisco-san-francisco-2,http://www.yelp.com/biz/the-ritz-carlton-san-francisco-san-francisco-2,240
Hotel Metropolis,hotel-metropolis-san-francisco,http://www.yelp.com/biz/hotel-metropolis-san-francisco,121
Stanford Court San Francisco,stanford-court-san-francisco-san-francisco,http://www.yelp.com/biz/stanford-court-san-francisco-san-francisco,35
Pickwick Hotel,pickwick-hotel-san-francisco,http://www.yelp.com/biz/pickwick-hotel-san-francisco,116
Willows Inn,willows-inn-san-francisco,http://www.yelp.com/biz/willows-inn-san-francisco,29
Handlery Union Square Hotel,handlery-union-square-hotel-san-francisco,http://www.yelp.com/biz/handlery-union-square-hotel-san-francisco,185
Hotel Astoria,hotel-astoria-san-francisco,http://www.yelp.com/biz/hotel-astoria-san-francisco,59
Hotel Herbert,hotel-herbert-san-francisco,http://www.yelp.com/biz/hotel-herbert-san-francisco,47
Kimpton Hotel & Restaurant Group,kimpton-hotel-and-restaurant-group-san-francisco-2,http://www.yelp.com/biz/kimpton-hotel-and-restaurant-group-san-francisco-2,3
Cavallo Point - The Lodge at the Golden Gate,cavallo-point-the-lodge-at-the-golden-gate-sausalito,http://www.yelp.com/biz/cavallo-point-the-lodge-at-the-golden-gate-sausalito,253
Seaside Inn,seaside-inn-san-francisco,http://www.yelp.com/biz/seaside-inn-san-francisco,9
Hotel North Beach,hotel-north-beach-san-francisco,http://www.yelp.com/biz/hotel-north-beach-san-francisco,47
Waters Edge Hotel,waters-edge-hotel-belvedere-tiburon,http://www.yelp.com/biz/waters-edge-hotel-belvedere-tiburon,48
Twin Peaks Hotel,twin-peaks-hotel-san-francisco,http://www.yelp.com/biz/twin-peaks-hotel-san-francisco,19
Carl Hotel,carl-hotel-san-francisco,http://www.yelp.com/biz/carl-hotel-san-francisco,24
Hampton Inn,hampton-inn-daly-city-2,http://www.yelp.com/biz/hampton-inn-daly-city-2,35
Winsor Hotel,winsor-hotel-san-francisco,http://www.yelp.com/biz/winsor-hotel-san-francisco,10
Royal Pacific Motor Inn,royal-pacific-motor-inn-san-francisco,http://www.yelp.com/biz/royal-pacific-motor-inn-san-francisco,50
La Luna Inn,la-luna-inn-san-francisco,http://www.yelp.com/biz/la-luna-inn-san-francisco,74
Parker Guest House,parker-guest-house-san-francisco,http://www.yelp.com/biz/parker-guest-house-san-francisco,51
Edwardian San Francisco Hotel,edwardian-san-francisco-hotel-san-francisco,http://www.yelp.com/biz/edwardian-san-francisco-hotel-san-francisco,52
Hotel Union Square,hotel-union-square-san-francisco,http://www.yelp.com/biz/hotel-union-square-san-francisco,143
HotelTonight,hoteltonight-san-francisco,http://www.yelp.com/biz/hoteltonight-san-francisco,2
The Powell Hotel,the-powell-hotel-san-francisco,http://www.yelp.com/biz/the-powell-hotel-san-francisco,178
Da Vinci Villa,da-vinci-villa-san-francisco,http://www.yelp.com/biz/da-vinci-villa-san-francisco,79
Embassy Hotel,embassy-hotel-san-francisco,http://www.yelp.com/biz/embassy-hotel-san-francisco,41
The Wharf Inn,the-wharf-inn-san-francisco,http://www.yelp.com/biz/the-wharf-inn-san-francisco,37
Adante Hotel,adante-hotel-san-francisco,http://www.yelp.com/biz/adante-hotel-san-francisco,75
Cartwright Hotel Union Square,cartwright-hotel-union-square-san-francisco,http://www.yelp.com/biz/cartwright-hotel-union-square-san-francisco,51
Union Square Plaza Hotel,union-square-plaza-hotel-san-francisco,http://www.yelp.com/biz/union-square-plaza-hotel-san-francisco,43
Inn at the Opera,inn-at-the-opera-san-francisco,http://www.yelp.com/biz/inn-at-the-opera-san-francisco,57
Nob Hill Motor Inn,nob-hill-motor-inn-san-francisco,http://www.yelp.com/biz/nob-hill-motor-inn-san-francisco,42
Comfort Inn By the Bay,comfort-inn-by-the-bay-san-francisco,http://www.yelp.com/biz/comfort-inn-by-the-bay-san-francisco,47
Hotel des Arts,hotel-des-arts-san-francisco,http://www.yelp.com/biz/hotel-des-arts-san-francisco,111
Cova Hotel,cova-hotel-san-francisco,http://www.yelp.com/biz/cova-hotel-san-francisco,70
Basque Hotel,basque-hotel-san-francisco,http://www.yelp.com/biz/basque-hotel-san-francisco,9
Homewood Suites by Hilton San Francisco Airport-North,homewood-suites-by-hilton-san-francisco-airport-north-brisbane,http://www.yelp.com/biz/homewood-suites-by-hilton-san-francisco-airport-north-brisbane,45
Noe's Nest Bed & Breakfast,noes-nest-bed-and-breakfast-san-francisco,http://www.yelp.com/biz/noes-nest-bed-and-breakfast-san-francisco,23
Americas Best Value Inn and Suites,americas-best-value-inn-and-suites-san-francisco,http://www.yelp.com/biz/americas-best-value-inn-and-suites-san-francisco,37
Marina Motel,marina-motel-san-francisco-2,http://www.yelp.com/biz/marina-motel-san-francisco-2,58
Hotel Mark Twain,hotel-mark-twain-san-francisco,http://www.yelp.com/biz/hotel-mark-twain-san-francisco,101
The Lodge At Tiburon,the-lodge-at-tiburon-tiburon,http://www.yelp.com/biz/the-lodge-at-tiburon-tiburon,152
Huntington Hotel,huntington-hotel-san-francisco,http://www.yelp.com/biz/huntington-hotel-san-francisco,138
Club Quarters,club-quarters-san-francisco-2,http://www.yelp.com/biz/club-quarters-san-francisco-2,150
Encore Express Hotel,encore-express-hotel-san-francisco,http://www.yelp.com/biz/encore-express-hotel-san-francisco,24
Executive Hotel Vintage Court,executive-hotel-vintage-court-san-francisco,http://www.yelp.com/biz/executive-hotel-vintage-court-san-francisco,77
Washington Square Inn,washington-square-inn-san-francisco,http://www.yelp.com/biz/washington-square-inn-san-francisco,26
Red Victorian Bed Breakfast & Arts Cafe,red-victorian-bed-breakfast-and-arts-cafe-san-francisco,http://www.yelp.com/biz/red-victorian-bed-breakfast-and-arts-cafe-san-francisco,77
The Red Coach Motor Lodge,the-red-coach-motor-lodge-san-francisco,http://www.yelp.com/biz/the-red-coach-motor-lodge-san-francisco,19
Larkspur Hotel Union Square,larkspur-hotel-union-square-san-francisco,http://www.yelp.com/biz/larkspur-hotel-union-square-san-francisco,82
King George Hotel,king-george-hotel-san-francisco,http://www.yelp.com/biz/king-george-hotel-san-francisco,145
Buena Vista Motor Inn,buena-vista-motor-inn-san-francisco,http://www.yelp.com/biz/buena-vista-motor-inn-san-francisco,23
Hotel Stratford,hotel-stratford-san-francisco,http://www.yelp.com/biz/hotel-stratford-san-francisco,83
Hotel Aida,hotel-aida-san-francisco,http://www.yelp.com/biz/hotel-aida-san-francisco,39
Inn At Oyster Point,inn-at-oyster-point-south-san-francisco,http://www.yelp.com/biz/inn-at-oyster-point-south-san-francisco,44
Seal Rock Inn,seal-rock-inn-san-francisco,http://www.yelp.com/biz/seal-rock-inn-san-francisco,59
Motel 6,motel-6-san-francisco-2,http://www.yelp.com/biz/motel-6-san-francisco-2,24
WorldMark San Francisco,worldmark-san-francisco-san-francisco,http://www.yelp.com/biz/worldmark-san-francisco-san-francisco,46
Bridgepoint Inn Daly City,bridgepoint-inn-daly-city-daly-city,http://www.yelp.com/biz/bridgepoint-inn-daly-city-daly-city,12
Pontiac Hotel,pontiac-hotel-san-francisco,http://www.yelp.com/biz/pontiac-hotel-san-francisco,10
Casa Madrona Hotel,casa-madrona-hotel-sausalito,http://www.yelp.com/biz/casa-madrona-hotel-sausalito,89
Travelodge San Francisco- Fishermans Wharf,travelodge-san-francisco-fishermans-wharf-san-francisco,http://www.yelp.com/biz/travelodge-san-francisco-fishermans-wharf-san-francisco,5
San Francisco Inn - Civic center,san-francisco-inn-civic-center-san-francisco,http://www.yelp.com/biz/san-francisco-inn-civic-center-san-francisco,12
Beck's Motor Lodge,becks-motor-lodge-san-francisco,http://www.yelp.com/biz/becks-motor-lodge-san-francisco,44
Ocean Park Motel,ocean-park-motel-san-francisco,http://www.yelp.com/biz/ocean-park-motel-san-francisco,68
Union Street Inn,union-street-inn-san-francisco,http://www.yelp.com/biz/union-street-inn-san-francisco,12
Civic Center Motor Inn,civic-center-motor-inn-san-francisco,http://www.yelp.com/biz/civic-center-motor-inn-san-francisco,25
Super 8 San Francisco/Union Square Area,super-8-san-francisco-union-square-area-san-francisco,http://www.yelp.com/biz/super-8-san-francisco-union-square-area-san-francisco,16
Monarch Hotel,monarch-hotel-san-francisco,http://www.yelp.com/biz/monarch-hotel-san-francisco,58
The Touchstone Hotel,the-touchstone-hotel-san-francisco,http://www.yelp.com/biz/the-touchstone-hotel-san-francisco,26
Travelodge Central,travelodge-central-san-francisco,http://www.yelp.com/biz/travelodge-central-san-francisco,73
Nob Hill Hotel,nob-hill-hotel-san-francisco,http://www.yelp.com/biz/nob-hill-hotel-san-francisco,95
Waterfront Hotel,waterfront-hotel-oakland-2,http://www.yelp.com/biz/waterfront-hotel-oakland-2,122
Hotel Sausalito,hotel-sausalito-sausalito,http://www.yelp.com/biz/hotel-sausalito-sausalito,11
Chelsea Inn,chelsea-inn-san-francisco-2,http://www.yelp.com/biz/chelsea-inn-san-francisco-2,39
The Gaylord Suites,the-gaylord-suites-san-francisco,http://www.yelp.com/biz/the-gaylord-suites-san-francisco,11
Motel Capri,motel-capri-san-francisco,http://www.yelp.com/biz/motel-capri-san-francisco,44
Baldwin Hotel,baldwin-hotel-san-francisco,http://www.yelp.com/biz/baldwin-hotel-san-francisco,64
Taj Campton Place,taj-campton-place-san-francisco,http://www.yelp.com/biz/taj-campton-place-san-francisco,84
Courtyard Oakland Emeryville,courtyard-oakland-emeryville-emeryville,http://www.yelp.com/biz/courtyard-oakland-emeryville-emeryville,73
Hilton Garden Inn San Francisco Airport North,hilton-garden-inn-san-francisco-airport-north-south-san-francisco,http://www.yelp.com/biz/hilton-garden-inn-san-francisco-airport-north-south-san-francisco,56
Radisson Hotel San Francisco Airport At Sierra Point,radisson-hotel-san-francisco-airport-at-sierra-point-brisbane,http://www.yelp.com/biz/radisson-hotel-san-francisco-airport-at-sierra-point-brisbane,63
The Battery,the-battery-san-francisco,http://www.yelp.com/biz/the-battery-san-francisco,15
Greenwich Inn,greenwich-inn-san-francisco,http://www.yelp.com/biz/greenwich-inn-san-francisco,16
Rodeway Inn Civic Center,rodeway-inn-civic-center-san-francisco-2,http://www.yelp.com/biz/rodeway-inn-civic-center-san-francisco-2,30
Bay Bridge Inn,bay-bridge-inn-san-francisco,http://www.yelp.com/biz/bay-bridge-inn-san-francisco,35
Lombard Motor Inn,lombard-motor-inn-san-francisco,http://www.yelp.com/biz/lombard-motor-inn-san-francisco,28
Suites at Fisherman's Wharf,suites-at-fishermans-wharf-san-francisco,http://www.yelp.com/biz/suites-at-fishermans-wharf-san-francisco,11
The Regency Inn,the-regency-inn-san-francisco,http://www.yelp.com/biz/the-regency-inn-san-francisco,23
Hyatt House,hyatt-house-emeryville,http://www.yelp.com/biz/hyatt-house-emeryville,61
St. Clare's Hotel,st-clares-hotel-san-francisco,http://www.yelp.com/biz/st-clares-hotel-san-francisco,4
Casa Melissa,casa-melissa-san-francisco,http://www.yelp.com/biz/casa-melissa-san-francisco,11
Layne Hotel,layne-hotel-san-francisco,http://www.yelp.com/biz/layne-hotel-san-francisco,25
Hotel Tropica,hotel-tropica-san-francisco,http://www.yelp.com/biz/hotel-tropica-san-francisco,31
Joie de Vivre,joie-de-vivre-san-francisco,http://www.yelp.com/biz/joie-de-vivre-san-francisco,5
Hilton Garden Inn San Francisco / Oakland Bay Bridge,hilton-garden-inn-san-francisco-oakland-bay-bridge-emeryville,http://www.yelp.com/biz/hilton-garden-inn-san-francisco-oakland-bay-bridge-emeryville,111
Oakland Marriott City Center,oakland-marriott-city-center-oakland,http://www.yelp.com/biz/oakland-marriott-city-center-oakland,142
Connections SF,connections-sf-san-francisco,http://www.yelp.com/biz/connections-sf-san-francisco,4
Union Hotel,union-hotel-san-francisco,http://www.yelp.com/biz/union-hotel-san-francisco,4
Balmoral Hotel San Francisco,balmoral-hotel-san-francisco-san-francisco,http://www.yelp.com/biz/balmoral-hotel-san-francisco-san-francisco,7
Powell Place,powell-place-san-francisco,http://www.yelp.com/biz/powell-place-san-francisco,4
The Gables Inn Sausalito,the-gables-inn-sausalito-sausalito,http://www.yelp.com/biz/the-gables-inn-sausalito-sausalito,43
Civic Center Inn,civic-center-inn-san-francisco,http://www.yelp.com/biz/civic-center-inn-san-francisco,65
Hawthorn Suites Oakland/Alameda Hotel,hawthorn-suites-oakland-alameda-hotel-alameda,http://www.yelp.com/biz/hawthorn-suites-oakland-alameda-hotel-alameda,22
Rodeway Inn Downtown,rodeway-inn-downtown-san-francisco,http://www.yelp.com/biz/rodeway-inn-downtown-san-francisco,17
Four Points by Sheraton San Francisco Bay Bridge,four-points-by-sheraton-san-francisco-bay-bridge-emeryville,http://www.yelp.com/biz/four-points-by-sheraton-san-francisco-bay-bridge-emeryville,63
Americas Best Value Inn,americas-best-value-inn-san-francisco-2,http://www.yelp.com/biz/americas-best-value-inn-san-francisco-2,8
Mission Inn San Francisco,mission-inn-san-francisco-san-francisco,http://www.yelp.com/biz/mission-inn-san-francisco-san-francisco,17
Prescott Hotel- a Kimpton Hotel,prescott-hotel-a-kimpton-hotel-san-francisco,http://www.yelp.com/biz/prescott-hotel-a-kimpton-hotel-san-francisco,151
Ritz Carlton Club,ritz-carlton-club-san-francisco,http://www.yelp.com/biz/ritz-carlton-club-san-francisco,9
Warwick San Francisco Hotel,warwick-san-francisco-hotel-san-francisco,http://www.yelp.com/biz/warwick-san-francisco-hotel-san-francisco,78
Harcourt Hotel,harcourt-hotel-san-francisco,http://www.yelp.com/biz/harcourt-hotel-san-francisco,12
Embassy Suites San Francisco Airport - South San Francisco,embassy-suites-san-francisco-airport-south-san-francisco-south-san-francisco,http://www.yelp.com/biz/embassy-suites-san-francisco-airport-south-san-francisco-south-san-francisco,109
Staybridge Suites Extended Stay Hotel San Francisco Airport,staybridge-suites-extended-stay-hotel-san-francisco-airport-san-bruno,http://www.yelp.com/biz/staybridge-suites-extended-stay-hotel-san-francisco-airport-san-bruno,22
El Camino Inn,el-camino-inn-daly-city,http://www.yelp.com/biz/el-camino-inn-daly-city,26
The Inn at Jack London Square,the-inn-at-jack-london-square-oakland-2,http://www.yelp.com/biz/the-inn-at-jack-london-square-oakland-2,46
Moffatt House Reservations,moffatt-house-reservations-san-francisco,http://www.yelp.com/biz/moffatt-house-reservations-san-francisco,17
Monroe Residence Club,monroe-residence-club-san-francisco,http://www.yelp.com/biz/monroe-residence-club-san-francisco,5
Country Hearth Inn San Francisco,country-hearth-inn-san-francisco-san-francisco,http://www.yelp.com/biz/country-hearth-inn-san-francisco-san-francisco,11
Hotel G,hotel-g-san-francisco,http://www.yelp.com/biz/hotel-g-san-francisco,6
Italian-American Hotel,italian-american-hotel-san-francisco,http://www.yelp.com/biz/italian-american-hotel-san-francisco,1
Francisco Bay Inn,francisco-bay-inn-san-francisco,http://www.yelp.com/biz/francisco-bay-inn-san-francisco,46
Comfort Inn,comfort-inn-san-francisco,http://www.yelp.com/biz/comfort-inn-san-francisco,2
DoubleTree San Francisco Airport North,doubletree-san-francisco-airport-north-brisbane,http://www.yelp.com/biz/doubletree-san-francisco-airport-north-brisbane,6
Courtyard Oakland Downtown,courtyard-oakland-downtown-oakland-2,http://www.yelp.com/biz/courtyard-oakland-downtown-oakland-2,51
Days Inn San Francisco - Lombard,days-inn-san-francisco-lombard-san-francisco,http://www.yelp.com/biz/days-inn-san-francisco-lombard-san-francisco,21
Geary Parkway Motel,geary-parkway-motel-san-francisco,http://www.yelp.com/biz/geary-parkway-motel-san-francisco,29
Larkspur Landing South San Francisco,larkspur-landing-south-san-francisco-south-san-francisco,http://www.yelp.com/biz/larkspur-landing-south-san-francisco-south-san-francisco,51
Sweden House Hotel,sweden-house-hotel-san-francisco,http://www.yelp.com/biz/sweden-house-hotel-san-francisco,11
Presidio Inn,presidio-inn-san-francisco,http://www.yelp.com/biz/presidio-inn-san-francisco,12
Days Inn San Francisco at the Beach,days-inn-san-francisco-at-the-beach-san-francisco,http://www.yelp.com/biz/days-inn-san-francisco-at-the-beach-san-francisco,25
Residence Inn San Francisco Airport/Oyster Point Waterfront,residence-inn-san-francisco-airport-oyster-point-waterfront-south-san-francisco,http://www.yelp.com/biz/residence-inn-san-francisco-airport-oyster-point-waterfront-south-san-francisco,35
Homewood Suites by Hilton & San Francisco Airprt N,homewood-suites-by-hilton-and-san-francisco-airprt-n-brisbane,http://www.yelp.com/biz/homewood-suites-by-hilton-and-san-francisco-airprt-n-brisbane,5
Courtyard San Francisco Airport/Oyster Point Waterfront,courtyard-san-francisco-airport-oyster-point-waterfront-south-san-francisco,http://www.yelp.com/biz/courtyard-san-francisco-airport-oyster-point-waterfront-south-san-francisco,50
Beresford Arms Hotel,beresford-arms-hotel-san-francisco,http://www.yelp.com/biz/beresford-arms-hotel-san-francisco,58
Surf Motel,surf-motel-san-francisco-2,http://www.yelp.com/biz/surf-motel-san-francisco-2,35
Sheldon Hotel,sheldon-hotel-san-francisco,http://www.yelp.com/biz/sheldon-hotel-san-francisco,2
Pacific Heights Inn,pacific-heights-inn-san-francisco,http://www.yelp.com/biz/pacific-heights-inn-san-francisco,18
Hotel Utah,hotel-utah-san-francisco-2,http://www.yelp.com/biz/hotel-utah-san-francisco-2,21
Park Hotel,park-hotel-san-francisco,http://www.yelp.com/biz/park-hotel-san-francisco,11
Americas Best Value Inn - Union Square,americas-best-value-inn-union-square-san-francisco,http://www.yelp.com/biz/americas-best-value-inn-union-square-san-francisco,10
Palo Alto Hotel,palo-alto-hotel-san-francisco,http://www.yelp.com/biz/palo-alto-hotel-san-francisco,2
El Capitan Hotel,el-capitan-hotel-san-francisco,http://www.yelp.com/biz/el-capitan-hotel-san-francisco,12
Yale Hotel,yale-hotel-san-francisco,http://www.yelp.com/biz/yale-hotel-san-francisco,3
DoubleTree by Hilton Berkeley Marina,doubletree-by-hilton-berkeley-marina-berkeley-2,http://www.yelp.com/biz/doubletree-by-hilton-berkeley-marina-berkeley-2,164
Inn on Broadway,inn-on-broadway-san-francisco,http://www.yelp.com/biz/inn-on-broadway-san-francisco,57
Acqua Hotel,acqua-hotel-mill-valley,http://www.yelp.com/biz/acqua-hotel-mill-valley,87
Best Western Plus Bayside Hotel,best-western-plus-bayside-hotel-oakland,http://www.yelp.com/biz/best-western-plus-bayside-hotel-oakland,12
Super 8 San Francisco / Fisherman'S Wharf,super-8-san-francisco-fishermans-wharf-san-francisco,http://www.yelp.com/biz/super-8-san-francisco-fishermans-wharf-san-francisco,16
Kenmore Res Club,kenmore-res-club-san-francisco,http://www.yelp.com/biz/kenmore-res-club-san-francisco,3
Cable Car Court,cable-car-court-san-francisco,http://www.yelp.com/biz/cable-car-court-san-francisco,18
Spaulding Hotel,spaulding-hotel-san-francisco,http://www.yelp.com/biz/spaulding-hotel-san-francisco,6
Hotel Whitcomb Restaurant,hotel-whitcomb-restaurant-san-francisco,http://www.yelp.com/biz/hotel-whitcomb-restaurant-san-francisco,21
Post Hotel,post-hotel-san-francisco,http://www.yelp.com/biz/post-hotel-san-francisco,22
Marin Headlands Hostel,marin-headlands-hostel-sausalito,http://www.yelp.com/biz/marin-headlands-hostel-sausalito,41
Taylor Hotel Union Square,taylor-hotel-union-square-san-francisco-2,http://www.yelp.com/biz/taylor-hotel-union-square-san-francisco-2,5
Knights Inn Downtown,knights-inn-downtown-san-francisco,http://www.yelp.com/biz/knights-inn-downtown-san-francisco,25
Homewood Suites by Hilton,homewood-suites-by-hilton-brisbane,http://www.yelp.com/biz/homewood-suites-by-hilton-brisbane,5
Hampton Inn and Suites Oakland Airport - Alameda,hampton-inn-and-suites-oakland-airport-alameda-alameda,http://www.yelp.com/biz/hampton-inn-and-suites-oakland-airport-alameda-alameda,31
Castro Hotel,castro-hotel-san-francisco,http://www.yelp.com/biz/castro-hotel-san-francisco,2
The Andrews Hotel,the-andrews-hotel-san-francisco,http://www.yelp.com/biz/the-andrews-hotel-san-francisco,31
Comfort Inn & Suites San Francisco Airport North,comfort-inn-and-suites-san-francisco-airport-north-south-san-francisco,http://www.yelp.com/biz/comfort-inn-and-suites-san-francisco-airport-north-south-san-francisco,38
Extended Stay America - Oakland - Alameda,extended-stay-america-oakland-alameda-alameda,http://www.yelp.com/biz/extended-stay-america-oakland-alameda-alameda,19
Hotel Shattuck Plaza,hotel-shattuck-plaza-berkeley-2,http://www.yelp.com/biz/hotel-shattuck-plaza-berkeley-2,168
Holiday Inn San Francisco International Airport,holiday-inn-san-francisco-international-airport-south-san-francisco,http://www.yelp.com/biz/holiday-inn-san-francisco-international-airport-south-san-francisco,64
Artists Inn,artists-inn-san-francisco,http://www.yelp.com/biz/artists-inn-san-francisco,3
Crown Room at The Fairmont Hotel,crown-room-at-the-fairmont-hotel-san-francisco,http://www.yelp.com/biz/crown-room-at-the-fairmont-hotel-san-francisco,9
Hampton Inn,hampton-inn-south-san-francisco-2,http://www.yelp.com/biz/hampton-inn-south-san-francisco-2,22
Parsonage,parsonage-san-francisco,http://www.yelp.com/biz/parsonage-san-francisco,13
Oasis Hotel,oasis-hotel-san-francisco,http://www.yelp.com/biz/oasis-hotel-san-francisco,9
Allison Hotel,allison-hotel-san-francisco,http://www.yelp.com/biz/allison-hotel-san-francisco,2
America's Best Value Inn,americas-best-value-inn-san-francisco,http://www.yelp.com/biz/americas-best-value-inn-san-francisco,23
Mithila Hotel,mithila-hotel-san-francisco,http://www.yelp.com/biz/mithila-hotel-san-francisco,34
Clarion Hotel Downtown Oakland City Center,clarion-hotel-downtown-oakland-city-center-oakland,http://www.yelp.com/biz/clarion-hotel-downtown-oakland-city-center-oakland,33
Executive Inn & Suites,executive-inn-and-suites-embarcadero-cove-oakland,http://www.yelp.com/biz/executive-inn-and-suites-embarcadero-cove-oakland,47
The Holiday Inn Express Mill Valley,the-holiday-inn-express-mill-valley-mill-valley,http://www.yelp.com/biz/the-holiday-inn-express-mill-valley-mill-valley,36
Sumner House SF,sumner-house-sf-san-francisco,http://www.yelp.com/biz/sumner-house-sf-san-francisco,3
Airport Inn,airport-inn-south-san-francisco,http://www.yelp.com/biz/airport-inn-south-san-francisco,7
Berkeley City Club,berkeley-city-club-berkeley,http://www.yelp.com/biz/berkeley-city-club-berkeley,124
White Swan Inn,white-swan-inn-san-francisco,http://www.yelp.com/biz/white-swan-inn-san-francisco,39
The Washington Inn,the-washington-inn-oakland,http://www.yelp.com/biz/the-washington-inn-oakland,76
Eula Hotel,eula-hotel-san-francisco,http://www.yelp.com/biz/eula-hotel-san-francisco,3
Marina Village Inn,marina-village-inn-alameda,http://www.yelp.com/biz/marina-village-inn-alameda,48
Village House,village-house-san-francisco,http://www.yelp.com/biz/village-house-san-francisco,4
Radisson Villa Hotel San Mateo,radisson-villa-hotel-san-mateo-san-mateo,http://www.yelp.com/biz/radisson-villa-hotel-san-mateo-san-mateo,3
Fitzgerald Hotel,fitzgerald-hotel-san-francisco,http://www.yelp.com/biz/fitzgerald-hotel-san-francisco,31
Inn On Folsom,inn-on-folsom-san-francisco,http://www.yelp.com/biz/inn-on-folsom-san-francisco,3
America's Best Inn,americas-best-inn-san-francisco-2,http://www.yelp.com/biz/americas-best-inn-san-francisco-2,12
Redwood Inn,redwood-inn-san-francisco,http://www.yelp.com/biz/redwood-inn-san-francisco,13
La Quinta Inn San Francisco Airport North,la-quinta-inn-san-francisco-airport-north-south-san-francisco,http://www.yelp.com/biz/la-quinta-inn-san-francisco-airport-north-south-san-francisco,67
Steinhart Hotel & Apartments,steinhart-hotel-and-apartments-san-francisco,http://www.yelp.com/biz/steinhart-hotel-and-apartments-san-francisco,12
CitiGarden Hotel,citigarden-hotel-south-san-francisco-2,http://www.yelp.com/biz/citigarden-hotel-south-san-francisco-2,78
St Moritz Hotel,st-moritz-hotel-san-francisco,http://www.yelp.com/biz/st-moritz-hotel-san-francisco,6
Homewood Suites by Hilton Oakland Waterfront,homewood-suites-by-hilton-oakland-waterfront-oakland,http://www.yelp.com/biz/homewood-suites-by-hilton-oakland-waterfront-oakland,35
Double Tree by Hilton,double-tree-by-hilton-brisbane,http://www.yelp.com/biz/double-tree-by-hilton-brisbane,9
City Center Inn and Suites,city-center-inn-and-suites-san-francisco,http://www.yelp.com/biz/city-center-inn-and-suites-san-francisco,13
Globetrotter's Inn,globetrotters-inn-san-francisco,http://www.yelp.com/biz/globetrotters-inn-san-francisco,5
Kean Hotel,kean-hotel-san-francisco,http://www.yelp.com/biz/kean-hotel-san-francisco,2
Bel Air Hotel,bel-air-hotel-san-francisco,http://www.yelp.com/biz/bel-air-hotel-san-francisco,1
Jackson Court Bed & Breakfast Inn,jackson-court-bed-and-breakfast-inn-san-francisco,http://www.yelp.com/biz/jackson-court-bed-and-breakfast-inn-san-francisco,5
Biltmore Hotel,biltmore-hotel-san-francisco,http://www.yelp.com/biz/biltmore-hotel-san-francisco,3
Oceanview Motel,oceanview-motel-san-francisco,http://www.yelp.com/biz/oceanview-motel-san-francisco,32
Travelodge Golden Gate San Francisco,travelodge-golden-gate-san-francisco-san-francisco,http://www.yelp.com/biz/travelodge-golden-gate-san-francisco-san-francisco,20
Hotel Mac,hotel-mac-richmond,http://www.yelp.com/biz/hotel-mac-richmond,39
Lombard Plaza Motel,lombard-plaza-motel-san-francisco,http://www.yelp.com/biz/lombard-plaza-motel-san-francisco,16
Wyndham Canterbury at San Francisco,wyndham-canterbury-at-san-francisco-san-francisco,http://www.yelp.com/biz/wyndham-canterbury-at-san-francisco-san-francisco,33
Best Western Grosvenor Hotel,best-western-grosvenor-hotel-south-san-francisco-2,http://www.yelp.com/biz/best-western-grosvenor-hotel-south-san-francisco-2,64
Travelodge by the Bay,travelodge-by-the-bay-san-francisco,http://www.yelp.com/biz/travelodge-by-the-bay-san-francisco,16
Quality Inn & Suites,quality-inn-and-suites-south-san-francisco,http://www.yelp.com/biz/quality-inn-and-suites-south-san-francisco,15
24 Henry / Village House Guesthouse,24-henry-village-house-guesthouse-san-francisco,http://www.yelp.com/biz/24-henry-village-house-guesthouse-san-francisco,8
Villa Montes Hotel- an Ascend Hotel Collection Member,villa-montes-hotel-an-ascend-hotel-collection-member-san-bruno,http://www.yelp.com/biz/villa-montes-hotel-an-ascend-hotel-collection-member-san-bruno,75
Four Points by Sheraton Hotel & Suites San Francisco Airport,four-points-by-sheraton-hotel-and-suites-san-francisco-airport-south-san-francisco,http://www.yelp.com/biz/four-points-by-sheraton-hotel-and-suites-san-francisco-airport-south-san-francisco,63
CW Hotel,cw-hotel-san-francisco,http://www.yelp.com/biz/cw-hotel-san-francisco,7
Donnelly Hotel,donnelly-hotel-san-francisco,http://www.yelp.com/biz/donnelly-hotel-san-francisco,3
Super 8 San Bruno / Sf Intl Arpt W,super-8-san-bruno-sf-intl-arpt-w-san-bruno,http://www.yelp.com/biz/super-8-san-bruno-sf-intl-arpt-w-san-bruno,28
Holiday Inn Express Hotel & Suites Berkeley,holiday-inn-express-hotel-and-suites-berkeley-berkeley,http://www.yelp.com/biz/holiday-inn-express-hotel-and-suites-berkeley-berkeley,18
Civic Center Hotel,civic-center-hotel-san-francisco,http://www.yelp.com/biz/civic-center-hotel-san-francisco,2
Ambassador Hotel,ambassador-hotel-san-francisco,http://www.yelp.com/biz/ambassador-hotel-san-francisco,2
Rodeway Inn,rodeway-inn-berkeley,http://www.yelp.com/biz/rodeway-inn-berkeley,35
Golden Eagle Hotel,golden-eagle-hotel-san-francisco,http://www.yelp.com/biz/golden-eagle-hotel-san-francisco,3
Coral Reef Inn & Suites,coral-reef-inn-alameda,http://www.yelp.com/biz/coral-reef-inn-alameda,36
San Francisco Magic Parlor,san-francisco-magic-parlor-san-francisco,http://www.yelp.com/biz/san-francisco-magic-parlor-san-francisco,29
Downtown Berkeley Inn,downtown-berkeley-inn-berkeley-2,http://www.yelp.com/biz/downtown-berkeley-inn-berkeley-2,34
The Sentient SF Hotel,the-sentient-sf-hotel-san-francisco,http://www.yelp.com/biz/the-sentient-sf-hotel-san-francisco,3
La Quinta Inn Berkeley,la-quinta-inn-berkeley-berkeley,http://www.yelp.com/biz/la-quinta-inn-berkeley-berkeley,43
Courtyard San Francisco Airport,courtyard-san-francisco-airport-san-bruno,http://www.yelp.com/biz/courtyard-san-francisco-airport-san-bruno,42
The Hunan Hotel,the-hunan-hotel-san-francisco,http://www.yelp.com/biz/the-hunan-hotel-san-francisco,1
Drake Hotel,drake-hotel-san-francisco,http://www.yelp.com/biz/drake-hotel-san-francisco,1
Bancroft Hotel,bancroft-hotel-berkeley,http://www.yelp.com/biz/bancroft-hotel-berkeley,51
Jack London Inn Oakland,jack-london-inn-oakland-oakland,http://www.yelp.com/biz/jack-london-inn-oakland-oakland,59
Travellodge  Central Hotel,travellodge-central-hotel-san-francisco,http://www.yelp.com/biz/travellodge-central-hotel-san-francisco,4
Hotel Focus SFO,hotel-focus-sfo-south-san-francisco-2,http://www.yelp.com/biz/hotel-focus-sfo-south-san-francisco-2,4
Sunnyside Hotel,sunnyside-hotel-san-francisco,http://www.yelp.com/biz/sunnyside-hotel-san-francisco,1
Best Hotel,best-hotel-san-francisco,http://www.yelp.com/biz/best-hotel-san-francisco,3
Oasis Inn,oasis-inn-san-francisco,http://www.yelp.com/biz/oasis-inn-san-francisco,23
Vantaggio Suites,vantaggio-suites-san-francisco,http://www.yelp.com/biz/vantaggio-suites-san-francisco,4
Nob Hill Place,nob-hill-place-san-francisco-2,http://www.yelp.com/biz/nob-hill-place-san-francisco-2,7
Hotel Sunrise,hotel-sunrise-san-francisco,http://www.yelp.com/biz/hotel-sunrise-san-francisco,9
North Beach Hotel,north-beach-hotel-san-francisco-2,http://www.yelp.com/biz/north-beach-hotel-san-francisco-2,10
Americas Best Value Inn & Suites,americas-best-value-inn-and-suites-south-san-francisco,http://www.yelp.com/biz/americas-best-value-inn-and-suites-south-san-francisco,10
Mill Valley Inn,mill-valley-inn-mill-valley,http://www.yelp.com/biz/mill-valley-inn-mill-valley,40
Howard Johnson Express Inn South San Francisco SFO,howard-johnson-express-inn-south-san-francisco-sfo-south-san-francisco,http://www.yelp.com/biz/howard-johnson-express-inn-south-san-francisco-sfo-south-san-francisco,21
The Claremont Hotel Club & Spa,the-claremont-hotel-club-and-spa-oakland,http://www.yelp.com/biz/the-claremont-hotel-club-and-spa-oakland,493
Hotel Durant,hotel-durant-berkeley,http://www.yelp.com/biz/hotel-durant-berkeley,97
Senator Hotel,senator-hotel-san-francisco,http://www.yelp.com/biz/senator-hotel-san-francisco,2
Ramada S. San Francisco,ramada-s-san-francisco-south-san-francisco,http://www.yelp.com/biz/ramada-s-san-francisco-south-san-francisco,23
Balmoral Residence Club,balmoral-residence-club-san-francisco,http://www.yelp.com/biz/balmoral-residence-club-san-francisco,3
Graystone Hotel,graystone-hotel-san-francisco,http://www.yelp.com/biz/graystone-hotel-san-francisco,1
Geneva Motel,geneva-motel-daly-city,http://www.yelp.com/biz/geneva-motel-daly-city,6
Globe Hostel,globe-hostel-san-francisco,http://www.yelp.com/biz/globe-hostel-san-francisco,3
Rose Garden Inn,rose-garden-inn-berkeley,http://www.yelp.com/biz/rose-garden-inn-berkeley,39
Extended Stay America - Oakland - Emeryville,extended-stay-america-oakland-emeryville-oakland,http://www.yelp.com/biz/extended-stay-america-oakland-emeryville-oakland,27
Potter Hotel,potter-hotel-san-francisco,http://www.yelp.com/biz/potter-hotel-san-francisco,3
Travelodge San Francisco Airport North,travelodge-san-francisco-airport-north-south-san-francisco-3,http://www.yelp.com/biz/travelodge-san-francisco-airport-north-south-san-francisco-3,116
Winton Hotel,winton-hotel-san-francisco,http://www.yelp.com/biz/winton-hotel-san-francisco,2
Sutter-Larkin Hotel,sutter-larkin-hotel-san-francisco,http://www.yelp.com/biz/sutter-larkin-hotel-san-francisco,7
Moscone Center West,moscone-center-west-san-francisco,http://www.yelp.com/biz/moscone-center-west-san-francisco,61
Hotel Abigail,hotel-abigail-san-francisco,http://www.yelp.com/biz/hotel-abigail-san-francisco,16
Imperial Inn,imperial-inn-oakland,http://www.yelp.com/biz/imperial-inn-oakland,23
Royal Inn,royal-inn-south-san-francisco,http://www.yelp.com/biz/royal-inn-south-san-francisco,10
Sonoma Inn,sonoma-inn-san-francisco,http://www.yelp.com/biz/sonoma-inn-san-francisco,5
Rodeway Inn,rodeway-inn-alameda,http://www.yelp.com/biz/rodeway-inn-alameda,7
Casa Luna SF,casa-luna-sf-san-francisco,http://www.yelp.com/biz/casa-luna-sf-san-francisco,2
My Rosegarden Guest Rooms,my-rosegarden-guest-rooms-san-francisco,http://www.yelp.com/biz/my-rosegarden-guest-rooms-san-francisco,5
Seneca Hotel Office,seneca-hotel-office-san-francisco,http://www.yelp.com/biz/seneca-hotel-office-san-francisco,2
Regency Inn,regency-inn-san-bruno-2,http://www.yelp.com/biz/regency-inn-san-bruno-2,16
The French Hotel,the-french-hotel-berkeley,http://www.yelp.com/biz/the-french-hotel-berkeley,25
The Nash Hotel,the-nash-hotel-berkeley-2,http://www.yelp.com/biz/the-nash-hotel-berkeley-2,10
Best Western Plus-Corte Madera Inn-Marin,best-western-plus-corte-madera-inn-marin-corte-madera,http://www.yelp.com/biz/best-western-plus-corte-madera-inn-marin-corte-madera,32
Coppola Resorts,coppola-resorts-san-francisco,http://www.yelp.com/biz/coppola-resorts-san-francisco,1
California Hotel,california-hotel-san-francisco,http://www.yelp.com/biz/california-hotel-san-francisco,2
The Great Highway Inn,the-great-highway-inn-san-francisco,http://www.yelp.com/biz/the-great-highway-inn-san-francisco,16
Alexis Park San Francisco,alexis-park-san-francisco-san-francisco,http://www.yelp.com/biz/alexis-park-san-francisco-san-francisco,26
Philips Hotel,philips-hotel-san-francisco,http://www.yelp.com/biz/philips-hotel-san-francisco,1
Holiday Inn Express San Francisco Airport North,holiday-inn-express-san-francisco-airport-north-south-san-francisco,http://www.yelp.com/biz/holiday-inn-express-san-francisco-airport-north-south-san-francisco,28
Alpha Inn & Suites,alpha-inn-and-suites-san-francisco,http://www.yelp.com/biz/alpha-inn-and-suites-san-francisco,14
Marines Memorial Theatre,marines-memorial-theatre-san-francisco,http://www.yelp.com/biz/marines-memorial-theatre-san-francisco,40
Amazon Motel,amazon-motel-san-francisco,http://www.yelp.com/biz/amazon-motel-san-francisco,2
Comfort Inn & Suites San Francisco Airport West,comfort-inn-and-suites-san-francisco-airport-west-san-bruno,http://www.yelp.com/biz/comfort-inn-and-suites-san-francisco-airport-west-san-bruno,14
All Seasons Lodge,all-seasons-lodge-south-san-francisco,http://www.yelp.com/biz/all-seasons-lodge-south-san-francisco,14
Hotelsavings.com,hotelsavings-com-san-francisco,http://www.yelp.com/biz/hotelsavings-com-san-francisco,8
Golden Bear Inn: Americas Best Value Inn,golden-bear-inn-americas-best-value-inn-berkeley,http://www.yelp.com/biz/golden-bear-inn-americas-best-value-inn-berkeley,22
Roberts At The Beach Motel,roberts-at-the-beach-motel-san-francisco-2,http://www.yelp.com/biz/roberts-at-the-beach-motel-san-francisco-2,10
Halcyon Hotel,halcyon-hotel-san-francisco,http://www.yelp.com/biz/halcyon-hotel-san-francisco,14
Beach Motel,beach-motel-san-francisco,http://www.yelp.com/biz/beach-motel-san-francisco,14
Hotel Europa,hotel-europa-san-francisco,http://www.yelp.com/biz/hotel-europa-san-francisco,13
Teacher With the Bus,teacher-with-the-bus-san-francisco-2,http://www.yelp.com/biz/teacher-with-the-bus-san-francisco-2,32
Quality Inn University,quality-inn-university-berkeley,http://www.yelp.com/biz/quality-inn-university-berkeley,18
Days Inn Downtown Theater District,days-inn-downtown-theater-district-san-francisco,http://www.yelp.com/biz/days-inn-downtown-theater-district-san-francisco,1
Berkeley Inn,berkeley-inn-berkeley,http://www.yelp.com/biz/berkeley-inn-berkeley,13
Classic Cable Car Charters,classic-cable-car-charters-san-francisco-2,http://www.yelp.com/biz/classic-cable-car-charters-san-francisco-2,89
Economy Inn,economy-inn-san-francisco,http://www.yelp.com/biz/economy-inn-san-francisco,6
Perramont Hotel,perramont-hotel-san-francisco,http://www.yelp.com/biz/perramont-hotel-san-francisco,3
Continental Lodge,continental-lodge-oakland,http://www.yelp.com/biz/continental-lodge-oakland,7
BSW Limo- Inc,bsw-limo-inc-san-francisco,http://www.yelp.com/biz/bsw-limo-inc-san-francisco,14
James Court Hotel,james-court-hotel-san-francisco,http://www.yelp.com/biz/james-court-hotel-san-francisco,2
Lake Merritt Hotel & Apartments,lake-merritt-hotel-and-apartments-oakland,http://www.yelp.com/biz/lake-merritt-hotel-and-apartments-oakland,10
Howard Johnson San Francisco Marina District,howard-johnson-san-francisco-marina-district-san-francisco-2,http://www.yelp.com/biz/howard-johnson-san-francisco-marina-district-san-francisco-2,5
Town Motel,town-motel-daly-city,http://www.yelp.com/biz/town-motel-daly-city,5
Garden Studio,garden-studio-san-francisco-2,http://www.yelp.com/biz/garden-studio-san-francisco-2,1
Gateway Inn and Suites Hotel,gateway-inn-and-suites-hotel-san-bruno,http://www.yelp.com/biz/gateway-inn-and-suites-hotel-san-bruno,20
Travelers Inn,travelers-inn-south-san-francisco-2,http://www.yelp.com/biz/travelers-inn-south-san-francisco-2,8
Bridge Point Inn,bridge-point-inn-daly-city,http://www.yelp.com/biz/bridge-point-inn-daly-city,1
Hotel Travelers,hotel-travelers-oakland,http://www.yelp.com/biz/hotel-travelers-oakland,4
Ramada Limited Hotel,ramada-limited-hotel-san-francisco,http://www.yelp.com/biz/ramada-limited-hotel-san-francisco,1
Hotel Union,hotel-union-san-francisco,http://www.yelp.com/biz/hotel-union-san-francisco,1
Hotel President,hotel-president-san-francisco,http://www.yelp.com/biz/hotel-president-san-francisco,1
Worth Hotel,worth-hotel-san-francisco,http://www.yelp.com/biz/worth-hotel-san-francisco,1
Budget Inn,budget-inn-san-francisco,http://www.yelp.com/biz/budget-inn-san-francisco,8
Balboa Hotel,balboa-hotel-san-francisco,http://www.yelp.com/biz/balboa-hotel-san-francisco,2
Cable Car Hotel,cable-car-hotel-san-francisco,http://www.yelp.com/biz/cable-car-hotel-san-francisco,3
Nazareth Hotel,nazareth-hotel-san-francisco,http://www.yelp.com/biz/nazareth-hotel-san-francisco,1
Days Inn South San Francisco,days-inn-south-san-francisco-south-san-francisco-2,http://www.yelp.com/biz/days-inn-south-san-francisco-south-san-francisco-2,11
America's Best Inn-Fisherman's Wharf,americas-best-inn-fishermans-wharf-san-francisco,http://www.yelp.com/biz/americas-best-inn-fishermans-wharf-san-francisco,2
Curtis Hotel,curtis-hotel-san-francisco,http://www.yelp.com/biz/curtis-hotel-san-francisco,1
Howard Johnson Express Inn San Bruno/SFO West,howard-johnson-express-inn-san-bruno-sfo-west-san-bruno,http://www.yelp.com/biz/howard-johnson-express-inn-san-bruno-sfo-west-san-bruno,20
Tamalpais Motel,tamalpais-motel-mill-valley,http://www.yelp.com/biz/tamalpais-motel-mill-valley,3
Dalt Hotel,dalt-hotel-san-francisco,http://www.yelp.com/biz/dalt-hotel-san-francisco,1
Albergo Hotel Verona,albergo-hotel-verona-san-francisco,http://www.yelp.com/biz/albergo-hotel-verona-san-francisco,1
Topguest,topguest-san-francisco,http://www.yelp.com/biz/topguest-san-francisco,1
Jefferson Inn,jefferson-inn-oakland,http://www.yelp.com/biz/jefferson-inn-oakland,1
Shirley Hotel,shirley-hotel-san-francisco,http://www.yelp.com/biz/shirley-hotel-san-francisco,2
Granada The,the-granada-san-francisco,http://www.yelp.com/biz/the-granada-san-francisco,8
Il Triangolo Hotel,il-triangolo-hotel-san-francisco,http://www.yelp.com/biz/il-triangolo-hotel-san-francisco,2
The Inn at the Holy Grail,the-inn-at-the-holy-grail-san-francisco,http://www.yelp.com/biz/the-inn-at-the-holy-grail-san-francisco,1
Franklin Shuttle,franklin-shuttle-san-francisco-3,http://www.yelp.com/biz/franklin-shuttle-san-francisco-3,31
Barkissimo,barkissimo-emeryville,http://www.yelp.com/biz/barkissimo-emeryville,21
Bauer's Intelligent Transportation,bauers-intelligent-transportation-san-francisco,http://www.yelp.com/biz/bauers-intelligent-transportation-san-francisco,99
Vin Ambassador,vin-ambassador-san-francisco,http://www.yelp.com/biz/vin-ambassador-san-francisco,7
Marin Suites Hotel,marin-suites-hotel-corte-madera,http://www.yelp.com/biz/marin-suites-hotel-corte-madera,49
Mentone Hotel,mentone-hotel-san-francisco,http://www.yelp.com/biz/mentone-hotel-san-francisco,1
The Radha Hotel,the-radha-hotel-san-francisco,http://www.yelp.com/biz/the-radha-hotel-san-francisco,1
Ramada San Bruno,ramada-san-bruno-san-bruno,http://www.yelp.com/biz/ramada-san-bruno-san-bruno,23
Monte Cristo Bed and Breakfast,monte-cristo-bed-and-breakfast-san-francisco-2,http://www.yelp.com/biz/monte-cristo-bed-and-breakfast-san-francisco-2,9
Royal Palace Inn Motel,royal-palace-inn-motel-daly-city,http://www.yelp.com/biz/royal-palace-inn-motel-daly-city,2
Castro Castle,castro-castle-san-francisco,http://www.yelp.com/biz/castro-castle-san-francisco,10
Travelodge Berkeley,travelodge-berkeley-berkeley,http://www.yelp.com/biz/travelodge-berkeley-berkeley,10
TravelPod.com,travelpod-com-san-francisco,http://www.yelp.com/biz/travelpod-com-san-francisco,2
Ash K - Magician,ash-k-magician-san-francisco-2,http://www.yelp.com/biz/ash-k-magician-san-francisco-2,12
The Bellevue Club,the-bellevue-club-oakland,http://www.yelp.com/biz/the-bellevue-club-oakland,18
Town House Motel,town-house-motel-san-francisco,http://www.yelp.com/biz/town-house-motel-san-francisco,11
Bently Reserve,bently-reserve-san-francisco,http://www.yelp.com/biz/bently-reserve-san-francisco,65
Deluxe Inn,deluxe-inn-south-san-francisco,http://www.yelp.com/biz/deluxe-inn-south-san-francisco,5
Home 2 San Francisco,home-2-san-francisco-san-francisco-2,http://www.yelp.com/biz/home-2-san-francisco-san-francisco-2,7
Grove Inn,grove-inn-san-francisco,http://www.yelp.com/biz/grove-inn-san-francisco,4
Night Owl Photo Booth,night-owl-photo-booth-san-francisco,http://www.yelp.com/biz/night-owl-photo-booth-san-francisco,42
Super 8 Berkeley El Cerrito,super-8-berkeley-el-cerrito-el-cerrito,http://www.yelp.com/biz/super-8-berkeley-el-cerrito-el-cerrito,14
Element Hotel,element-hotel-san-francisco,http://www.yelp.com/biz/element-hotel-san-francisco,2
Noe Apartment,noe-apartment-san-francisco,http://www.yelp.com/biz/noe-apartment-san-francisco,1
Haiyi Hotels,haiyi-hotels-san-francisco,http://www.yelp.com/biz/haiyi-hotels-san-francisco,1
Warfield Hotel,warfield-hotel-san-francisco,http://www.yelp.com/biz/warfield-hotel-san-francisco,1
The Kenmore,the-kenmore-san-francisco,http://www.yelp.com/biz/the-kenmore-san-francisco,1
Pacific Union,pacific-union-san-francisco-2,http://www.yelp.com/biz/pacific-union-san-francisco-2,1
Rikki Ward Photography,rikki-ward-photography-san-francisco-2,http://www.yelp.com/biz/rikki-ward-photography-san-francisco-2,12
Bay Breeze Inn,bay-breeze-inn-oakland,http://www.yelp.com/biz/bay-breeze-inn-oakland,17
Gigi's Bed and Breakfast,gigis-bed-and-breakfast-san-francisco,http://www.yelp.com/biz/gigis-bed-and-breakfast-san-francisco,4
America's Best Value Inn,americas-best-value-inn-pacifica,http://www.yelp.com/biz/americas-best-value-inn-pacifica,6
Paradise Vacations,paradise-vacations-san-francisco,http://www.yelp.com/biz/paradise-vacations-san-francisco,5
Mississippi St. Vacation Rental,mississippi-st-vacation-rental-san-francisco,http://www.yelp.com/biz/mississippi-st-vacation-rental-san-francisco,1
The City Club of San Francisco,the-city-club-of-san-francisco-san-francisco,http://www.yelp.com/biz/the-city-club-of-san-francisco-san-francisco,96
AVL123,avl123-san-francisco,http://www.yelp.com/biz/avl123-san-francisco,8
USA Student Residences,usa-student-residences-san-francisco,http://www.yelp.com/biz/usa-student-residences-san-francisco,2
Henry Hotel,henry-hotel-san-francisco,http://www.yelp.com/biz/henry-hotel-san-francisco,4
Crowne Plaza Hotel,crowne-plaza-hotel-san-francisco,http://www.yelp.com/biz/crowne-plaza-hotel-san-francisco,4
Fairmont Hotel Garage,fairmont-hotel-garage-san-francisco,http://www.yelp.com/biz/fairmont-hotel-garage-san-francisco,2
Days Inn Point Richmond,days-inn-point-richmond-richmond,http://www.yelp.com/biz/days-inn-point-richmond-richmond,26
Floramor Studios,floramor-studios-san-francisco-2,http://www.yelp.com/biz/floramor-studios-san-francisco-2,31
Extended Stay America - Oakland - Alameda Airport,extended-stay-america-oakland-alameda-airport-alameda-2,http://www.yelp.com/biz/extended-stay-america-oakland-alameda-airport-alameda-2,14
Motel 6,motel-6-south-san-francisco,http://www.yelp.com/biz/motel-6-south-san-francisco,11
Super 8 Berkeley,super-8-berkeley-berkeley,http://www.yelp.com/biz/super-8-berkeley-berkeley,17
South San Francisco Conference Center,south-san-francisco-conference-center-south-san-francisco-2,http://www.yelp.com/biz/south-san-francisco-conference-center-south-san-francisco-2,23
Press Club,press-club-san-francisco,http://www.yelp.com/biz/press-club-san-francisco,795
Didgeridog,didgeridog-san-francisco,http://www.yelp.com/biz/didgeridog-san-francisco,25
NextSpace Coworking Union Square,nextspace-coworking-union-square-san-francisco-2,http://www.yelp.com/biz/nextspace-coworking-union-square-san-francisco-2,34
Carriage Inn-Best Western,carriage-inn-best-western-san-francisco-2,http://www.yelp.com/biz/carriage-inn-best-western-san-francisco-2,1
Garland Hotel,garland-hotel-san-francisco-2,http://www.yelp.com/biz/garland-hotel-san-francisco-2,1
Aldrich Hotel,aldrich-hotel-san-francisco,http://www.yelp.com/biz/aldrich-hotel-san-francisco,2
Sheraton Bellevue,sheraton-bellevue-san-francisco,http://www.yelp.com/biz/sheraton-bellevue-san-francisco,1
Shell Vacations Club - San Francisco,shell-vacations-club-san-francisco-san-francisco,http://www.yelp.com/biz/shell-vacations-club-san-francisco-san-francisco,16
Think Escape Party Bus,think-escape-party-bus-san-francisco,http://www.yelp.com/biz/think-escape-party-bus-san-francisco,108
Holiday Inn Hotel San Francisco-Intl Arpt North,holiday-inn-hotel-san-francisco-intl-arpt-north-south-san-francisco-2,http://www.yelp.com/biz/holiday-inn-hotel-san-francisco-intl-arpt-north-south-san-francisco-2,14
Alex Akamine Photography,alex-akamine-photography-san-francisco,http://www.yelp.com/biz/alex-akamine-photography-san-francisco,9
Ivan Place,ivan-place-san-francisco,http://www.yelp.com/biz/ivan-place-san-francisco,1
The Pelican Inn,the-pelican-inn-muir-beach,http://www.yelp.com/biz/the-pelican-inn-muir-beach,339
Nob Hill Inn,nob-hill-inn-san-francisco,http://www.yelp.com/biz/nob-hill-inn-san-francisco,9
Envision Entertainment,envision-entertainment-san-francisco-3,http://www.yelp.com/biz/envision-entertainment-san-francisco-3,13
S F Motor Inn,s-f-motor-inn-san-francisco,http://www.yelp.com/biz/s-f-motor-inn-san-francisco,3
Josh Edelson Photography,josh-edelson-photography-san-francisco,http://www.yelp.com/biz/josh-edelson-photography-san-francisco,17
Star Motel,star-motel-san-francisco,http://www.yelp.com/biz/star-motel-san-francisco,2
America's Best Value Inn,americas-best-value-inn-corte-madera,http://www.yelp.com/biz/americas-best-value-inn-corte-madera,14
Motel 6,motel-6-oakland,http://www.yelp.com/biz/motel-6-oakland,22
Travelodge Mill Valley/Sausalito,travelodge-mill-valley-sausalito-mill-valley,http://www.yelp.com/biz/travelodge-mill-valley-sausalito-mill-valley,17
Chase Hotel,chase-hotel-san-francisco,http://www.yelp.com/biz/chase-hotel-san-francisco,1
Jazz & Latin Band with Raquel,jazz-and-latin-band-with-raquel-san-francisco,http://www.yelp.com/biz/jazz-and-latin-band-with-raquel-san-francisco,13
Sausalito Campbell Hall & Garden,sausalito-campbell-hall-and-garden-sausalito,http://www.yelp.com/biz/sausalito-campbell-hall-and-garden-sausalito,4
Marrakech Magic Theater,marrakech-magic-theater-san-francisco-3,http://www.yelp.com/biz/marrakech-magic-theater-san-francisco-3,160
E&O Asian Kitchen,e-and-o-asian-kitchen-san-francisco-2,http://www.yelp.com/biz/e-and-o-asian-kitchen-san-francisco-2,228
Americas Best Value Inn,americas-best-value-inn-oakland-2,http://www.yelp.com/biz/americas-best-value-inn-oakland-2,1
The Faculty Club,the-faculty-club-berkeley,http://www.yelp.com/biz/the-faculty-club-berkeley,67
The Sentient Hotel,the-sentient-hotel-san-francisco,http://www.yelp.com/biz/the-sentient-hotel-san-francisco,8
East Brother Light Station,east-brother-light-station-richmond,http://www.yelp.com/biz/east-brother-light-station-richmond,38
Nob Hill Motel,nob-hill-motel-san-francisco,http://www.yelp.com/biz/nob-hill-motel-san-francisco,1
Acer Hotel,acer-hotel-san-francisco,http://www.yelp.com/biz/acer-hotel-san-francisco,2
Riu Resorts,riu-resorts-san-francisco,http://www.yelp.com/biz/riu-resorts-san-francisco,1
Great American Music Hall,great-american-music-hall-san-francisco,http://www.yelp.com/biz/great-american-music-hall-san-francisco,705
Obrero Hotel,obrero-hotel-san-francisco,http://www.yelp.com/biz/obrero-hotel-san-francisco,1
Owl Tree,the-owl-tree-san-francisco,http://www.yelp.com/biz/the-owl-tree-san-francisco,380
Moscone Center,moscone-center-san-francisco-2,http://www.yelp.com/biz/moscone-center-san-francisco-2,91
Green Dream Tours,green-dream-tours-san-francisco-2,http://www.yelp.com/biz/green-dream-tours-san-francisco-2,29
Breakbeatbilly,breakbeatbilly-san-francisco-2,http://www.yelp.com/biz/breakbeatbilly-san-francisco-2,3
Vivian Takach - Officiant,vivian-takach-officiant-san-francisco,http://www.yelp.com/biz/vivian-takach-officiant-san-francisco,6
Fleur de Lis,fleur-de-lis-san-francisco,http://www.yelp.com/biz/fleur-de-lis-san-francisco,3
Fifth Avenue Marina,fifth-avenue-marina-oakland,http://www.yelp.com/biz/fifth-avenue-marina-oakland,9
Blueprint Studios,blueprint-studios-san-francisco,http://www.yelp.com/biz/blueprint-studios-san-francisco,6
Glass Coat Photo Booth,glass-coat-photo-booth-san-francisco-2,http://www.yelp.com/biz/glass-coat-photo-booth-san-francisco-2,24
Mayfair Hotel,mayfair-hotel-san-francisco,http://www.yelp.com/biz/mayfair-hotel-san-francisco,1
Fort Mason,fort-mason-san-francisco-2,http://www.yelp.com/biz/fort-mason-san-francisco-2,54
Norma Hotel,norma-hotel-san-francisco,http://www.yelp.com/biz/norma-hotel-san-francisco,1
Luminous Weddings,luminous-weddings-san-francisco,http://www.yelp.com/biz/luminous-weddings-san-francisco,20
Le Colonial,le-colonial-san-francisco,http://www.yelp.com/biz/le-colonial-san-francisco,1255
Bayhill Inn,bayhill-inn-san-bruno,http://www.yelp.com/biz/bayhill-inn-san-bruno,7
European Guest House,european-guest-house-san-francisco,http://www.yelp.com/biz/european-guest-house-san-francisco,7
San Francisco Residence Club,san-francisco-residence-club-san-francisco,http://www.yelp.com/biz/san-francisco-residence-club-san-francisco,10
The Marilyn Inn,the-marilyn-inn-san-francisco,http://www.yelp.com/biz/the-marilyn-inn-san-francisco,2
Cafe Claude,cafe-claude-san-francisco,http://www.yelp.com/biz/cafe-claude-san-francisco,1482
Cali Party Bus,cali-party-bus-san-francisco,http://www.yelp.com/biz/cali-party-bus-san-francisco,125
Tom's Place,toms-place-san-francisco,http://www.yelp.com/biz/toms-place-san-francisco,2
Chrissy Lynn Love Photography,chrissy-lynn-love-photography-san-francisco,http://www.yelp.com/biz/chrissy-lynn-love-photography-san-francisco,10
SuiteAmerica,suiteamerica-san-francisco,http://www.yelp.com/biz/suiteamerica-san-francisco,1
The Box SF,the-box-sf-san-francisco,http://www.yelp.com/biz/the-box-sf-san-francisco,33
The Clubhouse at the Presidio Golf Course,the-clubhouse-at-the-presidio-golf-course-san-francisco,http://www.yelp.com/biz/the-clubhouse-at-the-presidio-golf-course-san-francisco,27
Rose Ruby,rose-ruby-san-francisco,http://www.yelp.com/biz/rose-ruby-san-francisco,2
Going Places Travel,going-places-travel-berkeley,http://www.yelp.com/biz/going-places-travel-berkeley,15
Cumberland House,cumberland-house-san-francisco,http://www.yelp.com/biz/cumberland-house-san-francisco,1
The Presidio Log Cabin,the-presidio-log-cabin-san-francisco,http://www.yelp.com/biz/the-presidio-log-cabin-san-francisco,22
Julia Morgan Ballroom,julia-morgan-ballroom-san-francisco,http://www.yelp.com/biz/julia-morgan-ballroom-san-francisco,64
Hotel Domski,hotel-domski-san-francisco-2,http://www.yelp.com/biz/hotel-domski-san-francisco-2,1
Italian-American Social Club of San Francisco,italian-american-social-club-of-san-francisco-san-francisco,http://www.yelp.com/biz/italian-american-social-club-of-san-francisco-san-francisco,21
Folsom Street Foundry,folsom-street-foundry-san-francisco,http://www.yelp.com/biz/folsom-street-foundry-san-francisco,25
Hamlin Mansion,hamlin-mansion-san-francisco,http://www.yelp.com/biz/hamlin-mansion-san-francisco,5
SS Jeremiah O'Brien,ss-jeremiah-o-brien-san-francisco-2,http://www.yelp.com/biz/ss-jeremiah-o-brien-san-francisco-2,53
Augie Chang Photography,augie-chang-photography-san-francisco,http://www.yelp.com/biz/augie-chang-photography-san-francisco,80
Twin Peaks Hotel,twin-peaks-hotel-oakland,http://www.yelp.com/biz/twin-peaks-hotel-oakland,1
Cliff House Terrace Room: Event Venue,cliff-house-terrace-room-event-venue-san-francisco,http://www.yelp.com/biz/cliff-house-terrace-room-event-venue-san-francisco,16
Rosemary Stafford Destination Floral,rosemary-stafford-destination-floral-portland,http://www.yelp.com/biz/rosemary-stafford-destination-floral-portland,2
Entella Hotel,entella-hotel-san-francisco,http://www.yelp.com/biz/entella-hotel-san-francisco,2
Capri Motel,capri-motel-berkeley,http://www.yelp.com/biz/capri-motel-berkeley,7
Loic Nicolas Photography,loic-nicolas-photography-san-francisco,http://www.yelp.com/biz/loic-nicolas-photography-san-francisco,89
San Francisco Elks Lodge No. 3,san-francisco-elks-lodge-no-3-san-francisco,http://www.yelp.com/biz/san-francisco-elks-lodge-no-3-san-francisco,32
Larissa Cleveland Photography,larissa-cleveland-photography-san-francisco,http://www.yelp.com/biz/larissa-cleveland-photography-san-francisco,19
Three Babes & A Bus,three-babes-and-a-bus-san-francisco,http://www.yelp.com/biz/three-babes-and-a-bus-san-francisco,18
Villa Knob Hill,villa-knob-hill-san-francisco,http://www.yelp.com/biz/villa-knob-hill-san-francisco,1
Ritz Inn,ritz-inn-san-bruno,http://www.yelp.com/biz/ritz-inn-san-bruno,4
Dubbelju Motorcycle Rental,dubbelju-motorcycle-rental-san-francisco,http://www.yelp.com/biz/dubbelju-motorcycle-rental-san-francisco,41
Fort Mason Center,fort-mason-center-san-francisco-4,http://www.yelp.com/biz/fort-mason-center-san-francisco-4,124
Bay Bridge Inn,bay-bridge-inn-oakland,http://www.yelp.com/biz/bay-bridge-inn-oakland,7
Red Eye Collection Photography,red-eye-collection-photography-san-francisco-2,http://www.yelp.com/biz/red-eye-collection-photography-san-francisco-2,68
Budget Inn,budget-inn-el-cerrito,http://www.yelp.com/biz/budget-inn-el-cerrito,2
Minister Maggie,minister-maggie-san-francisco,http://www.yelp.com/biz/minister-maggie-san-francisco,14
The Monroe,the-monroe-san-francisco,http://www.yelp.com/biz/the-monroe-san-francisco,4
The Galleria,the-galleria-san-francisco-2,http://www.yelp.com/biz/the-galleria-san-francisco-2,15
Oakland Yacht Club,oakland-yacht-club-alameda,http://www.yelp.com/biz/oakland-yacht-club-alameda,13
B-Love's Guest House,b-loves-guest-house-oakland,http://www.yelp.com/biz/b-loves-guest-house-oakland,6
ReLISTO,relisto-san-francisco-2,http://www.yelp.com/biz/relisto-san-francisco-2,27
The Hamilton Ballroom,the-hamilton-ballroom-san-francisco,http://www.yelp.com/biz/the-hamilton-ballroom-san-francisco,2
American Express Travel,american-express-travel-san-francisco,http://www.yelp.com/biz/american-express-travel-san-francisco,1
Dogpatch Studios,dogpatch-studios-san-francisco,http://www.yelp.com/biz/dogpatch-studios-san-francisco,22
War Memorial and Performing Arts Center,war-memorial-and-performing-arts-center-san-francisco,http://www.yelp.com/biz/war-memorial-and-performing-arts-center-san-francisco,46
Vivian Sachs Photography,vivian-sachs-photography-san-francisco,http://www.yelp.com/biz/vivian-sachs-photography-san-francisco,57
Ansonia Hotel,ansonia-hotel-san-francisco,http://www.yelp.com/biz/ansonia-hotel-san-francisco,1
Presidio Golden Gate Club,presidio-golden-gate-club-san-francisco,http://www.yelp.com/biz/presidio-golden-gate-club-san-francisco,40
City View at Metreon,city-view-at-metreon-san-francisco,http://www.yelp.com/biz/city-view-at-metreon-san-francisco,47
American's Best Value Inn,americans-best-value-inn-mill-valley,http://www.yelp.com/biz/americans-best-value-inn-mill-valley,3
Artisan Travel,artisan-travel-san-francisco,http://www.yelp.com/biz/artisan-travel-san-francisco,1
The Phoenix Supper Club,the-phoenix-supper-club-san-francisco,http://www.yelp.com/biz/the-phoenix-supper-club-san-francisco,19
The Fillmore,the-fillmore-san-francisco,http://www.yelp.com/biz/the-fillmore-san-francisco,991
Party Bus Rental,party-bus-rental-san-francisco-2,http://www.yelp.com/biz/party-bus-rental-san-francisco-2,37
Verdi Club,verdi-club-san-francisco,http://www.yelp.com/biz/verdi-club-san-francisco,81
Marina Inn,marina-inn-berkeley,http://www.yelp.com/biz/marina-inn-berkeley,1
Terra Gallery & Event Venue,terra-gallery-and-event-venue-san-francisco,http://www.yelp.com/biz/terra-gallery-and-event-venue-san-francisco,96
Thrillist's Ultimate Draft Suite,thrillists-ultimate-draft-suite-san-francisco,http://www.yelp.com/biz/thrillists-ultimate-draft-suite-san-francisco,1
Merchants Exchange Club,merchants-exchange-club-san-francisco,http://www.yelp.com/biz/merchants-exchange-club-san-francisco,2
Elks S F Lodge No 3,elks-s-f-lodge-no-3-san-francisco,http://www.yelp.com/biz/elks-s-f-lodge-no-3-san-francisco,4
McClendon Castle Bed & Breakfast,mcclendon-castle-bed-and-breakfast-san-francisco,http://www.yelp.com/biz/mcclendon-castle-bed-and-breakfast-san-francisco,4
1300 on Fillmore,1300-on-fillmore-san-francisco,http://www.yelp.com/biz/1300-on-fillmore-san-francisco,1057
Exploratorium,exploratorium-san-francisco-2,http://www.yelp.com/biz/exploratorium-san-francisco-2,301
Dominic's at Oyster Point,dominics-at-oyster-point-south-san-francisco-2,http://www.yelp.com/biz/dominics-at-oyster-point-south-san-francisco-2,36
Smuggler's Cove,smugglers-cove-san-francisco,http://www.yelp.com/biz/smugglers-cove-san-francisco,888
Granada Hotel,granada-hotel-san-francisco,http://www.yelp.com/biz/granada-hotel-san-francisco,1
Avista Audio Visual Rentals & Services,avista-audio-visual-rentals-and-services-san-francisco-2,http://www.yelp.com/biz/avista-audio-visual-rentals-and-services-san-francisco-2,79
Ridge Hotel,ridge-hotel-oakland,http://www.yelp.com/biz/ridge-hotel-oakland,1
Anderson Audio Visual Rentals and Productions,anderson-audio-visual-rentals-and-productions-san-francisco,http://www.yelp.com/biz/anderson-audio-visual-rentals-and-productions-san-francisco,49
Best Western Plus Grovsvenor,best-western-plus-grovsvenor-south-san-francisco,http://www.yelp.com/biz/best-western-plus-grovsvenor-south-san-francisco,2
Waterfront Plaza Hotel,waterfront-plaza-hotel-oakland,http://www.yelp.com/biz/waterfront-plaza-hotel-oakland,1
Budget Inn,budget-inn-oakland,http://www.yelp.com/biz/budget-inn-oakland,4
Ascot Hotel,ascot-hotel-san-francisco,http://www.yelp.com/biz/ascot-hotel-san-francisco,1
The Beau Sky Hotel,the-beau-sky-hotel-berkeley,http://www.yelp.com/biz/the-beau-sky-hotel-berkeley,8
SPUR - San Francisco Planning & Urban Research Association,spur-san-francisco-planning-and-urban-research-association-san-francisco-2,http://www.yelp.com/biz/spur-san-francisco-planning-and-urban-research-association-san-francisco-2,14
Marriott,marriott-san-francisco-3,http://www.yelp.com/biz/marriott-san-francisco-3,1
Say Ya Photobooth,say-ya-photobooth-san-francisco,http://www.yelp.com/biz/say-ya-photobooth-san-francisco,74
Preservation Park,preservation-park-oakland,http://www.yelp.com/biz/preservation-park-oakland,34
Bimbo's 365 Club,bimbos-365-club-san-francisco,http://www.yelp.com/biz/bimbos-365-club-san-francisco,430
Urban Limos,urban-limos-san-bruno-2,http://www.yelp.com/biz/urban-limos-san-bruno-2,24
Villa Soma,villa-soma-san-francisco,http://www.yelp.com/biz/villa-soma-san-francisco,4
Guesthop,guesthop-san-francisco,http://www.yelp.com/biz/guesthop-san-francisco,8
The Regency Ballroom,the-regency-ballroom-san-francisco,http://www.yelp.com/biz/the-regency-ballroom-san-francisco,300
Urban Bellhop,urban-bellhop-san-francisco,http://www.yelp.com/biz/urban-bellhop-san-francisco,6
Denali Backcountry Lodge,denali-backcountry-lodge-no-title,http://www.yelp.com/biz/denali-backcountry-lodge-no-title,1
La Scala Inn,la-scala-inn-san-francisco,http://www.yelp.com/biz/la-scala-inn-san-francisco,1
Metropolitan Club,metropolitan-club-san-francisco,http://www.yelp.com/biz/metropolitan-club-san-francisco,18
Supperclub,supperclub-san-francisco,http://www.yelp.com/biz/supperclub-san-francisco,1217
Varnish Fine Art,varnish-fine-art-san-francisco-2,http://www.yelp.com/biz/varnish-fine-art-san-francisco-2,92
Michael Udelson - Pianist,michael-udelson-pianist-san-francisco,http://www.yelp.com/biz/michael-udelson-pianist-san-francisco,13
Eriton Transportation Services,eriton-transportation-services-south-san-francisco,http://www.yelp.com/biz/eriton-transportation-services-south-san-francisco,1
The Masonic,the-masonic-san-francisco,http://www.yelp.com/biz/the-masonic-san-francisco,149
Best Western Civic Center Motor Inn,best-western-civic-center-motor-inn-san-francisco,http://www.yelp.com/biz/best-western-civic-center-motor-inn-san-francisco,2
West Point Inn,west-point-inn-mill-valley-2,http://www.yelp.com/biz/west-point-inn-mill-valley-2,32
H&A Computer Services,h-and-a-computer-services-san-francisco,http://www.yelp.com/biz/h-and-a-computer-services-san-francisco,4
California's Finest Entertainment,californias-finest-entertainment-san-francisco,http://www.yelp.com/biz/californias-finest-entertainment-san-francisco,10
Broadway Studios,broadway-studios-san-francisco,http://www.yelp.com/biz/broadway-studios-san-francisco,54
LUX Premier Events & Concierge,lux-premier-events-and-concierge-oakland,http://www.yelp.com/biz/lux-premier-events-and-concierge-oakland,28
Yacht Connections International,yacht-connections-international-san-francisco-2,http://www.yelp.com/biz/yacht-connections-international-san-francisco-2,21
City Hall,city-hall-san-francisco,http://www.yelp.com/biz/city-hall-san-francisco,250
Michelle's Couch and Breakfast,michelles-couch-and-breakfast-san-francisco,http://www.yelp.com/biz/michelles-couch-and-breakfast-san-francisco,4
Bill Graham Civic Auditorium,bill-graham-civic-auditorium-san-francisco,http://www.yelp.com/biz/bill-graham-civic-auditorium-san-francisco,253
University Hotel,university-hotel-berkeley,http://www.yelp.com/biz/university-hotel-berkeley,1
Budget Motel,budget-motel-san-bruno,http://www.yelp.com/biz/budget-motel-san-bruno,5
Townhouse Travel Inn,townhouse-travel-inn-oakland,http://www.yelp.com/biz/townhouse-travel-inn-oakland,1
Cowell Theater,cowell-theater-san-francisco-2,http://www.yelp.com/biz/cowell-theater-san-francisco-2,11
University Club of San Francisco,university-club-of-san-francisco-san-francisco,http://www.yelp.com/biz/university-club-of-san-francisco-san-francisco,57
Party Bus Tours,party-bus-tours-san-francisco,http://www.yelp.com/biz/party-bus-tours-san-francisco,43
International Executive Rentals,international-executive-rentals-san-francisco-2,http://www.yelp.com/biz/international-executive-rentals-san-francisco-2,4
Bayanihan Cargo International,bayanihan-cargo-international-south-san-francisco,http://www.yelp.com/biz/bayanihan-cargo-international-south-san-francisco,4
Old Oakland Hotel,old-oakland-hotel-oakland,http://www.yelp.com/biz/old-oakland-hotel-oakland,1
World Class Limousine,world-class-limousine-san-francisco,http://www.yelp.com/biz/world-class-limousine-san-francisco,3
Oyster Point Yacht Club,oyster-point-yacht-club-south-san-francisco,http://www.yelp.com/biz/oyster-point-yacht-club-south-san-francisco,5
King's Tours and Transportation,kings-tours-and-transportation-san-francisco,http://www.yelp.com/biz/kings-tours-and-transportation-san-francisco,7
Rodeway Inn & Suites Near the Coliseum & Arena,rodeway-inn-and-suites-near-the-coliseum-and-arena-oakland,http://www.yelp.com/biz/rodeway-inn-and-suites-near-the-coliseum-and-arena-oakland,5
Mission Garden Retreat,mission-garden-retreat-san-francisco-2,http://www.yelp.com/biz/mission-garden-retreat-san-francisco-2,3
DNA Lounge,dna-lounge-san-francisco,http://www.yelp.com/biz/dna-lounge-san-francisco,577
Jelly & Toast B&B,jelly-and-toast-b-and-b-san-francisco,http://www.yelp.com/biz/jelly-and-toast-b-and-b-san-francisco,2
Gavin Farrington Photography,gavin-farrington-photography-alameda,http://www.yelp.com/biz/gavin-farrington-photography-alameda,20
Bayhill Gym & Fitness,bayhill-gym-and-fitness-san-bruno,http://www.yelp.com/biz/bayhill-gym-and-fitness-san-bruno,27
Cafe Du Nord,cafe-du-nord-san-francisco,http://www.yelp.com/biz/cafe-du-nord-san-francisco,447
Butterfly Restaurant,butterfly-san-francisco,http://www.yelp.com/biz/butterfly-san-francisco,1181
United Irish Cultural Center,united-irish-cultural-center-san-francisco,http://www.yelp.com/biz/united-irish-cultural-center-san-francisco,38
USS Hornet,uss-hornet-alameda-2,http://www.yelp.com/biz/uss-hornet-alameda-2,169
New Central Hotel & Hostel,new-central-hotel-and-hostel-san-francisco,http://www.yelp.com/biz/new-central-hotel-and-hostel-san-francisco,2
Limo Connection,limo-connection-san-francisco,http://www.yelp.com/biz/limo-connection-san-francisco,10
Muse Photography Studio,muse-photography-studio-san-francisco,http://www.yelp.com/biz/muse-photography-studio-san-francisco,9
Corinthian Yacht Club,corinthian-yacht-club-tiburon,http://www.yelp.com/biz/corinthian-yacht-club-tiburon,42
Micasa Temporary Lodging,micasa-temporary-lodging-berkeley,http://www.yelp.com/biz/micasa-temporary-lodging-berkeley,3
Claremont Country Club,claremont-country-club-oakland,http://www.yelp.com/biz/claremont-country-club-oakland,10
Fourpoints Sheraton,fourpoints-sheraton-south-san-francisco,http://www.yelp.com/biz/fourpoints-sheraton-south-san-francisco,1
Jade Dragon Restaurant,jade-dragon-restaurant-daly-city-2,http://www.yelp.com/biz/jade-dragon-restaurant-daly-city-2,93
F Duncan Reyes Events by Design,f-duncan-reyes-events-by-design-san-francisco,http://www.yelp.com/biz/f-duncan-reyes-events-by-design-san-francisco,18
MatrixFillmore,matrixfillmore-san-francisco,http://www.yelp.com/biz/matrixfillmore-san-francisco,767
Value Inn,value-inn-oakland,http://www.yelp.com/biz/value-inn-oakland,2
A Country Cottage Bed and Breakfast,a-country-cottage-bed-and-breakfast-san-francisco,http://www.yelp.com/biz/a-country-cottage-bed-and-breakfast-san-francisco,7
Renaissance Hotels Resorts Suites,renaissance-hotels-resorts-suites-san-francisco,http://www.yelp.com/biz/renaissance-hotels-resorts-suites-san-francisco,1
The Empyrean Towers,the-empyrean-towers-oakland,http://www.yelp.com/biz/the-empyrean-towers-oakland,3
Eastshore Charter Lines,eastshore-charter-lines-oakland,http://www.yelp.com/biz/eastshore-charter-lines-oakland,4
HS Lordships,hs-lordships-berkeley,http://www.yelp.com/biz/hs-lordships-berkeley,344
The Brick Path Bed & Breakfast,the-brick-path-bed-and-breakfast-berkeley,http://www.yelp.com/biz/the-brick-path-bed-and-breakfast-berkeley,7
Virgin Australia,virgin-australia-san-francisco,http://www.yelp.com/biz/virgin-australia-san-francisco,3
Holiday Inn San Francisco International Airport North,holiday-inn-san-francisco-international-airport-north-south-san-francisco,http://www.yelp.com/biz/holiday-inn-san-francisco-international-airport-north-south-san-francisco,1
La Fleuriste,la-fleuriste-tiburon,http://www.yelp.com/biz/la-fleuriste-tiburon,12
Bruno's,brunos-san-francisco,http://www.yelp.com/biz/brunos-san-francisco,655
Captain San Francisco Sailing Charters,captain-san-francisco-sailing-charters-sausalito,http://www.yelp.com/biz/captain-san-francisco-sailing-charters-sausalito,25
Harlot,harlot-san-francisco,http://www.yelp.com/biz/harlot-san-francisco,899
Asma's Designs,asmas-designs-bay-area,http://www.yelp.com/biz/asmas-designs-bay-area,11
Molloy's Tavern,molloys-tavern-south-san-francisco,http://www.yelp.com/biz/molloys-tavern-south-san-francisco,66
Mad Maps,mad-maps-san-francisco-2,http://www.yelp.com/biz/mad-maps-san-francisco-2,3
Racy Rentals,racy-rentals-san-francisco-2,http://www.yelp.com/biz/racy-rentals-san-francisco-2,1
The Castillo Inn,the-castillo-inn-san-francisco,http://www.yelp.com/biz/the-castillo-inn-san-francisco,3
Americas Best Value Inn,americas-best-value-inn-mill-valley,http://www.yelp.com/biz/americas-best-value-inn-mill-valley,9
Bed & Breakfast Garratt Mansion,bed-and-breakfast-garratt-mansion-alameda,http://www.yelp.com/biz/bed-and-breakfast-garratt-mansion-alameda,1
SF Luxury Limo,sf-luxury-limo-san-francisco,http://www.yelp.com/biz/sf-luxury-limo-san-francisco,6
Dubbelju Motorcycle Rentals & Storage,dubbelju-motorcycle-rentals-and-storage-san-francisco,http://www.yelp.com/biz/dubbelju-motorcycle-rentals-and-storage-san-francisco,2
Nx Muni Terminal,nx-muni-terminal-san-francisco,http://www.yelp.com/biz/nx-muni-terminal-san-francisco,2
San Francisco Travel,san-francisco-travel-san-francisco,http://www.yelp.com/biz/san-francisco-travel-san-francisco,1
Stinson Beach Redwoods Haus Inn,stinson-beach-redwoods-haus-inn-mill-valley,http://www.yelp.com/biz/stinson-beach-redwoods-haus-inn-mill-valley,2
Good Nite Inn SFO,good-nite-inn-sfo-south-san-francisco,http://www.yelp.com/biz/good-nite-inn-sfo-south-san-francisco,1
Kaiser Roof Garden,kaiser-roof-garden-oakland,http://www.yelp.com/biz/kaiser-roof-garden-oakland,42
Bike & View - Bicycle Rentals and Tours,bike-and-view-bicycle-rentals-and-tours-san-francisco,http://www.yelp.com/biz/bike-and-view-bicycle-rentals-and-tours-san-francisco,6
The Educators Institute,the-educators-institute-oakland,http://www.yelp.com/biz/the-educators-institute-oakland,8
Chaparral Motel,chaparral-motel-emeryville,http://www.yelp.com/biz/chaparral-motel-emeryville,1
Sea Angel Yacht Charter,sea-angel-yacht-charter-san-francisco,http://www.yelp.com/biz/sea-angel-yacht-charter-san-francisco,1
Chez LizCassie,chez-lizcassie-san-francisco,http://www.yelp.com/biz/chez-lizcassie-san-francisco,1
www.ParisHotels.com,www-parishotels-com-san-francisco,http://www.yelp.com/biz/www-parishotels-com-san-francisco,1
Susan Bell Florals,susan-bell-florals-alameda,http://www.yelp.com/biz/susan-bell-florals-alameda,12
Hard Rock Cafe,hard-rock-cafe-san-francisco,http://www.yelp.com/biz/hard-rock-cafe-san-francisco,292
Julianna's Bed & Breakfast,juliannas-bed-and-breakfast-san-francisco,http://www.yelp.com/biz/juliannas-bed-and-breakfast-san-francisco,1
Budget Inn,budget-inn-corte-madera,http://www.yelp.com/biz/budget-inn-corte-madera,2
Calspeed Moto Inc.,calspeed-moto-inc-san-francisco-3,http://www.yelp.com/biz/calspeed-moto-inc-san-francisco-3,1
www.sfsoiree.com,www-sfsoiree-com-san-francisco,http://www.yelp.com/biz/www-sfsoiree-com-san-francisco,3
Fern's Hotel,ferns-hotel-oakland,http://www.yelp.com/biz/ferns-hotel-oakland,1
Mission Bay Conference Center at UCSF,mission-bay-conference-center-at-ucsf-san-francisco,http://www.yelp.com/biz/mission-bay-conference-center-at-ucsf-san-francisco,14
MEGA Event Production,mega-event-production-san-bruno-3,http://www.yelp.com/biz/mega-event-production-san-bruno-3,16
Pacific Ring Sports,pacific-ring-sports-oakland,http://www.yelp.com/biz/pacific-ring-sports-oakland,62
Riocondo,riocondo-el-cerrito,http://www.yelp.com/biz/riocondo-el-cerrito,2
Bridge Motel,bridge-motel-san-francisco,http://www.yelp.com/biz/bridge-motel-san-francisco,2
Exeter String Quartet,exeter-string-quartet-oakland,http://www.yelp.com/biz/exeter-string-quartet-oakland,13
Allan Brown - Bartender,allan-brown-bartender-san-francisco-2,http://www.yelp.com/biz/allan-brown-bartender-san-francisco-2,10
Broadway Motel the,broadway-motel-the-oakland,http://www.yelp.com/biz/broadway-motel-the-oakland,1
Three Four,three-four-san-francisco,http://www.yelp.com/biz/three-four-san-francisco,1
111 Minna Gallery,111-minna-gallery-san-francisco,http://www.yelp.com/biz/111-minna-gallery-san-francisco,716
Alameda Islander Motel,alameda-islander-motel-alameda,http://www.yelp.com/biz/alameda-islander-motel-alameda,5
Lufthansa German Airlns,lufthansa-german-airlns-san-francisco,http://www.yelp.com/biz/lufthansa-german-airlns-san-francisco,5
EagleRider Motorcycle Rentals and Tours,eaglerider-motorcycle-rentals-and-tours-san-francisco,http://www.yelp.com/biz/eaglerider-motorcycle-rentals-and-tours-san-francisco,15
The Bro-tel,the-bro-tel-oakland,http://www.yelp.com/biz/the-bro-tel-oakland,2
VIP Club Bus,vip-club-bus-san-francisco,http://www.yelp.com/biz/vip-club-bus-san-francisco,12
Lakehurst Residential Hotel,lakehurst-residential-hotel-oakland,http://www.yelp.com/biz/lakehurst-residential-hotel-oakland,1
Castagnola's Restaurant,castagnola-san-francisco-2,http://www.yelp.com/biz/castagnola-san-francisco-2,262
Peekadoodle Kidsclub,peekadoodle-kidsclub-san-francisco,http://www.yelp.com/biz/peekadoodle-kidsclub-san-francisco,56
Belrose Bed & Breakfast,belrose-bed-and-breakfast-berkeley,http://www.yelp.com/biz/belrose-bed-and-breakfast-berkeley,4
Super8 Motel,super8-motel-san-francisco,http://www.yelp.com/biz/super8-motel-san-francisco,1
Quoia Private Home Retreat and Spa,quoia-private-home-retreat-and-spa-mill-valley,http://www.yelp.com/biz/quoia-private-home-retreat-and-spa-mill-valley,7
Kirmaci Inn,kirmaci-inn-san-francisco,http://www.yelp.com/biz/kirmaci-inn-san-francisco,1
Dean's Bed & Breakfast,deans-bed-and-breakfast-oakland-2,http://www.yelp.com/biz/deans-bed-and-breakfast-oakland-2,2
Trinity Plaza,trinity-plaza-san-francisco-3,http://www.yelp.com/biz/trinity-plaza-san-francisco-3,5
The Mexican Bus,the-mexican-bus-richmond,http://www.yelp.com/biz/the-mexican-bus-richmond,32
Spyder Rentals,spyder-rentals-alameda-2,http://www.yelp.com/biz/spyder-rentals-alameda-2,31
Metropolitan Hotel,metropolitan-hotel-south-san-francisco,http://www.yelp.com/biz/metropolitan-hotel-south-san-francisco,1
SF Green Space @ EEFG,sf-green-space-eefg-san-francisco,http://www.yelp.com/biz/sf-green-space-eefg-san-francisco,8
Magician Dennis Kyriakos,magician-dennis-kyriakos-san-francisco,http://www.yelp.com/biz/magician-dennis-kyriakos-san-francisco,4
San Francisco Vacation Rental Homes,san-francisco-vacation-rental-homes-san-francisco-2,http://www.yelp.com/biz/san-francisco-vacation-rental-homes-san-francisco-2,3
Oakland Convention Center,oakland-convention-center-oakland,http://www.yelp.com/biz/oakland-convention-center-oakland,7
RezLux,rezlux-sausalito-2,http://www.yelp.com/biz/rezlux-sausalito-2,2
LENS Studios,lens-studios-san-francisco,http://www.yelp.com/biz/lens-studios-san-francisco,2
Carrie Tours,carrie-tours-san-francisco,http://www.yelp.com/biz/carrie-tours-san-francisco,1
Tennessee Home Furnished Rental,tennessee-home-furnished-rental-san-francisco,http://www.yelp.com/biz/tennessee-home-furnished-rental-san-francisco,1
Conjuring Wonder - Magic: Up-Close & Personal,conjuring-wonder-magic-up-close-and-personal-san-franciso-2,http://www.yelp.com/biz/conjuring-wonder-magic-up-close-and-personal-san-franciso-2,8
Myvrhost - My Vacation Rental Host / AirBnB Management,myvrhost-my-vacation-rental-host-airbnb-management-san-francisco,http://www.yelp.com/biz/myvrhost-my-vacation-rental-host-airbnb-management-san-francisco,3
Yacht Charter Co SF San Francisco,yacht-charter-co-sf-san-francisco-san-francisco,http://www.yelp.com/biz/yacht-charter-co-sf-san-francisco-san-francisco,1
Money Mart,money-mart-san-francisco-11,http://www.yelp.com/biz/money-mart-san-francisco-11,1
Business Evolution Consulting,business-evolution-consulting-san-francisco,http://www.yelp.com/biz/business-evolution-consulting-san-francisco,1
Trendwest Resorts,trendwest-resorts-san-francisco,http://www.yelp.com/biz/trendwest-resorts-san-francisco,1
Outdoor Art Club,outdoor-art-club-mill-valley,http://www.yelp.com/biz/outdoor-art-club-mill-valley,17
McKesson Corporation,mckesson-corporation-san-francisco,http://www.yelp.com/biz/mckesson-corporation-san-francisco,6
Brandon Southwest,brandon-southwest-san-francisco,http://www.yelp.com/biz/brandon-southwest-san-francisco,1
Legend Limousine & Charter,legend-limousine-and-charter-san-francisco,http://www.yelp.com/biz/legend-limousine-and-charter-san-francisco,1
A-1 Chauffeur Connection NE,a-1-chauffeur-connection-ne-randolph,http://www.yelp.com/biz/a-1-chauffeur-connection-ne-randolph,2
Cartwrieht,cartwrieht-san-francisco,http://www.yelp.com/biz/cartwrieht-san-francisco,1
Grace Street Catering,grace-street-catering-oakland,http://www.yelp.com/biz/grace-street-catering-oakland,23
K1 Speed,k1-speed-south-san-francisco,http://www.yelp.com/biz/k1-speed-south-san-francisco,127
Cartwrite,cartwrite-san-francisco,http://www.yelp.com/biz/cartwrite-san-francisco,1
Conference Center At the Cathedral of Christ the Light,conference-center-at-the-cathedral-of-christ-the-light-oakland,http://www.yelp.com/biz/conference-center-at-the-cathedral-of-christ-the-light-oakland,2
Horizon Coach Lines,horizon-coach-lines-san-francisco,http://www.yelp.com/biz/horizon-coach-lines-san-francisco,1
Olivia Cruises & Resorts,olivia-cruises-and-resorts-san-francisco,http://www.yelp.com/biz/olivia-cruises-and-resorts-san-francisco,1
Avenue West San Francisco,avenue-west-san-francisco-san-francisco,http://www.yelp.com/biz/avenue-west-san-francisco-san-francisco,1
Brazilian Room,brazilian-room-berkeley,http://www.yelp.com/biz/brazilian-room-berkeley,85
Fat Tire Planet,fat-tire-planet-san-francisco,http://www.yelp.com/biz/fat-tire-planet-san-francisco,1
Gran Oriente Filipino,gran-oriente-filipino-san-francisco,http://www.yelp.com/biz/gran-oriente-filipino-san-francisco,1
Piatti Ristorante & Bar,piatti-ristorante-and-bar-mill-valley,http://www.yelp.com/biz/piatti-ristorante-and-bar-mill-valley,182
American Best Value Inn,american-best-value-inn-corte-madera,http://www.yelp.com/biz/american-best-value-inn-corte-madera,1
Westwind Lodge,westwind-lodge-oakland,http://www.yelp.com/biz/westwind-lodge-oakland,3
The Payne Mansion,the-payne-mansion-san-francisco,http://www.yelp.com/biz/the-payne-mansion-san-francisco,13
Bob Nonnas B&B,bob-nonnas-b-and-b-san-francisco,http://www.yelp.com/biz/bob-nonnas-b-and-b-san-francisco,1
Angelica Limousines,angelica-limousines-san-francisco,http://www.yelp.com/biz/angelica-limousines-san-francisco,9
California Ballroom,california-ballroom-oakland,http://www.yelp.com/biz/california-ballroom-oakland,5
Night School,night-school-san-francisco,http://www.yelp.com/biz/night-school-san-francisco,1
Muir Woods Park Community Association,muir-woods-park-community-association-mill-valley-2,http://www.yelp.com/biz/muir-woods-park-community-association-mill-valley-2,2
National Lodge,national-lodge-oakland,http://www.yelp.com/biz/national-lodge-oakland,1
Amtrak Train Station,amtrak-train-station-emeryville,http://www.yelp.com/biz/amtrak-train-station-emeryville,12
Eva Airways Corporation,eva-airways-corporation-south-san-francisco-2,http://www.yelp.com/biz/eva-airways-corporation-south-san-francisco-2,8
Craneway Pavilion,craneway-pavilion-richmond,http://www.yelp.com/biz/craneway-pavilion-richmond,101
Berkeley Marina Sport Fishing,berkeley-marina-sport-fishing-berkeley,http://www.yelp.com/biz/berkeley-marina-sport-fishing-berkeley,5
Oceanic West,oceanic-west-tiburon-2,http://www.yelp.com/biz/oceanic-west-tiburon-2,12
Sreel Photography,sreel-photography-san-francisco-3,http://www.yelp.com/biz/sreel-photography-san-francisco-3,5
Playland-Not-at-the-Beach,playland-not-at-the-beach-el-cerrito,http://www.yelp.com/biz/playland-not-at-the-beach-el-cerrito,108
SF Bartender 415,sf-bartender-415-san-francisco,http://www.yelp.com/biz/sf-bartender-415-san-francisco,10
Piedmont Community Hall,piedmont-community-hall-piedmont,http://www.yelp.com/biz/piedmont-community-hall-piedmont,22
Terrace Motel & Apartments,terrace-motel-and-apartments-el-cerrito,http://www.yelp.com/biz/terrace-motel-and-apartments-el-cerrito,2
Civic Center Motel,civic-center-motel-richmond,http://www.yelp.com/biz/civic-center-motel-richmond,1
Virginia Van Zandt,virginia-van-zandt-san-francisco,http://www.yelp.com/biz/virginia-van-zandt-san-francisco,2
Stacey Marie Events,stacey-marie-events-alameda,http://www.yelp.com/biz/stacey-marie-events-alameda,7
Alameda Ballroom,alameda-ballroom-alameda,http://www.yelp.com/biz/alameda-ballroom-alameda,2
radisson,radisson-south-san-francisco,http://www.yelp.com/biz/radisson-south-san-francisco,1
Downtown Berkeley BART Station,downtown-berkeley-bart-station-berkeley,http://www.yelp.com/biz/downtown-berkeley-bart-station-berkeley,69
UC Botanical Garden at Berkeley,uc-botanical-garden-at-berkeley-berkeley,http://www.yelp.com/biz/uc-botanical-garden-at-berkeley-berkeley,145
Cityteam Ministries,cityteam-ministries-san-francisco,http://www.yelp.com/biz/cityteam-ministries-san-francisco,3
Oakland Professional Development & Conference Center,oakland-professional-development-and-conference-center-oakland,http://www.yelp.com/biz/oakland-professional-development-and-conference-center-oakland,3
Innate Sound,innate-sound-kensington,http://www.yelp.com/biz/innate-sound-kensington,2
Galactic Transporter Inc,galactic-transporter-inc-oakland,http://www.yelp.com/biz/galactic-transporter-inc-oakland,4
San Francisco RV Resort,san-francisco-rv-resort-pacifica,http://www.yelp.com/biz/san-francisco-rv-resort-pacifica,12
Hi-Sf City Center,hi-sf-city-center-san-francisco,http://www.yelp.com/biz/hi-sf-city-center-san-francisco,1
Chinatown Community Development Center,chinatown-community-development-center-san-francisco-9,http://www.yelp.com/biz/chinatown-community-development-center-san-francisco-9,1
March of Dimes Birth Defects Foundation,march-of-dimes-birth-defects-foundation-san-francisco,http://www.yelp.com/biz/march-of-dimes-birth-defects-foundation-san-francisco,1
Manilatown Heritage Foundation,manilatown-heritage-foundation-san-francisco,http://www.yelp.com/biz/manilatown-heritage-foundation-san-francisco,2
Broadway Grand I Residential Association,broadway-grand-i-residential-association-oakland,http://www.yelp.com/biz/broadway-grand-i-residential-association-oakland,2
National Lodge,national-lodge-oakland-2,http://www.yelp.com/biz/national-lodge-oakland-2,1
Visit Berkeley,visit-berkeley-berkeley,http://www.yelp.com/biz/visit-berkeley-berkeley,1
San Francisco Van Rentals,san-francisco-van-rentals-south-san-francisco,http://www.yelp.com/biz/san-francisco-van-rentals-south-san-francisco,1
Lawrence Lemon Magician,lawrence-lemon-magician-tiburon,http://www.yelp.com/biz/lawrence-lemon-magician-tiburon,3
California Academy of Sciences,california-academy-of-sciences-san-francisco,http://www.yelp.com/biz/california-academy-of-sciences-san-francisco,2102
Marin Joe's,marin-joes-corte-madera,http://www.yelp.com/biz/marin-joes-corte-madera,225
Barley 'n Hops,barley-n-hops-san-francisco,http://www.yelp.com/biz/barley-n-hops-san-francisco,3
The B&H B&B,the-b-and-h-b-and-b-alameda,http://www.yelp.com/biz/the-b-and-h-b-and-b-alameda,1
Avis Rent A Car,avis-rent-a-car-oakland-4,http://www.yelp.com/biz/avis-rent-a-car-oakland-4,11
La Galleria Home Owners Association,la-galleria-home-owners-association-san-francisco,http://www.yelp.com/biz/la-galleria-home-owners-association-san-francisco,2
Princess Cruises,princess-cruises-san-francisco,http://www.yelp.com/biz/princess-cruises-san-francisco,14
Campus Motel,campus-motel-berkeley,http://www.yelp.com/biz/campus-motel-berkeley,2
M B Motor Inn,m-b-motor-inn-oakland,http://www.yelp.com/biz/m-b-motor-inn-oakland,1
Monster Job Fair,monster-job-fair-san-francisco,http://www.yelp.com/biz/monster-job-fair-san-francisco,2
Dermatology Incorporated,dermatology-incorporated-san-francisco,http://www.yelp.com/biz/dermatology-incorporated-san-francisco,1
J'Lachic,jlachic-san-francisco,http://www.yelp.com/biz/jlachic-san-francisco,1
Spressi,spressi-san-francisco,http://www.yelp.com/biz/spressi-san-francisco,1
Shining Gift,shining-gift-san-francisco,http://www.yelp.com/biz/shining-gift-san-francisco,2
McCoy Patrol Service,mccoy-patrol-service-san-francisco,http://www.yelp.com/biz/mccoy-patrol-service-san-francisco,1
The Hills Bed and Breakfast,the-hills-bed-and-breakfast-oakland-2,http://www.yelp.com/biz/the-hills-bed-and-breakfast-oakland-2,1
Everest Properties,everest-properties-berkeley-7,http://www.yelp.com/biz/everest-properties-berkeley-7,1
Greater Cooper African Methdst Epscpl Zn Chrch,greater-cooper-african-methdst-epscpl-zn-chrch-oakland,http://www.yelp.com/biz/greater-cooper-african-methdst-epscpl-zn-chrch-oakland,1
BARE Fashion Show,bare-fashion-show-san-francisco,http://www.yelp.com/biz/bare-fashion-show-san-francisco,1
M's at Hillcrest Manor,ms-at-hillcrest-manor-berkeley,http://www.yelp.com/biz/ms-at-hillcrest-manor-berkeley,1
Marin Limo And Car Service,marin-limo-and-car-service-mill-valley,http://www.yelp.com/biz/marin-limo-and-car-service-mill-valley,2
Redwood Highway,redwood-highway-corte-madera,http://www.yelp.com/biz/redwood-highway-corte-madera,3
Victoria Hughes- Harpist,victoria-hughes-harpist-el-cerrito-2,http://www.yelp.com/biz/victoria-hughes-harpist-el-cerrito-2,3
Town of Tiburon,town-of-tiburon-mill-valley,http://www.yelp.com/biz/town-of-tiburon-mill-valley,2
Park Station-Summerhill Homes,park-station-summerhill-homes-south-san-francisco,http://www.yelp.com/biz/park-station-summerhill-homes-south-san-francisco,1
Lucky 7 Shop,lucky-7-shop-berkeley,http://www.yelp.com/biz/lucky-7-shop-berkeley,3
Quality Painting,quality-painting-san-bruno,http://www.yelp.com/biz/quality-painting-san-bruno,1
Affordable Water Heaters and Plumbing,affordable-water-heaters-and-plumbing-san-francisco,http://www.yelp.com/biz/affordable-water-heaters-and-plumbing-san-francisco,11
Jesuit Community At Jstb,jesuit-community-at-jstb-berkeley,http://www.yelp.com/biz/jesuit-community-at-jstb-berkeley,1
Watergate Community Association,watergate-community-association-emeryville,http://www.yelp.com/biz/watergate-community-association-emeryville,9
Blue Ribbon Supply Company,blue-ribbon-supply-company-south-san-francisco,http://www.yelp.com/biz/blue-ribbon-supply-company-south-san-francisco,2
